:020000040801F1
:10020000B8690020DD030108654001088B39010849
:10021000CD3D0108ED160108A763010800000000AC
:10022000000000000000000000000000450301087D
:10023000CD1701080000000089030108295D0108AD
:10024000F7030108F7030108F7030108F7030108A2
:10025000F7030108F7030108F7030108CF170108A6
:10026000F7030108F7030108F7030108F703010882
:10027000F7030108F7030108F7030108F703010872
:10028000F7030108F7030108F7030108F703010862
:10029000F7030108F7030108F7030108F703010852
:1002A000F7030108F7030108F7030108F703010842
:1002B000C15D0108F7030108CD5D0108F7030108DE
:1002C000F7030108F7030108F7030108F703010822
:1002D000F7030108E5620108F1620108FD62010807
:1002E000F7030108F7030108F7030108F703010802
:1002F000F7030108F7030108F7030108F7030108F2
:10030000F7030108F7030108F7030108F7030108E1
:10031000F7030108F7030108F7030108F7030108D1
:10032000F7030108F7030108F7030108F7030108C1
:10033000DFF80CD000F0E2FD00480047E58E010830
:10034000B8690020224B19680868B0E8F00F80F304
:100350000988BFF36F8F4FF0000080F311884EF0D3
:100360000D0E70470000000006480068006880F32A
:10037000088862B661B6BFF34F8FBFF36F8F00DF9F
:1003800000BF00BF08ED00E0EFF30980BFF36F8FFF
:100390000F4B1A6820E9F00F106008B54FF05000BD
:1003A00080F31188BFF34F8FBFF36F8F0AF00EFBFE
:1003B0004FF0000080F31188BDE808401968086814
:1003C000B0E8F00F80F30988BFF36F8F704700BF6C
:1003D00030000020EFF3058070470000064880479A
:1003E00006480047FEE7FEE7FEE7FEE7FEE7FEE71A
:1003F000FEE7FEE7FEE7FEE7BD5D01083103010809
:10040000202A04DB203A21FA02F00021704721FA69
:1004100002F3D040C2F120029140084319467047D0
:1004200040EA01039B0703D009E008C9121F08C076
:10043000042AFAD203E011F8013B00F8013B521EF6
:10044000F9D27047D2B201E000F8012B491EFBD26D
:1004500070470022F6E710B513460A4604461946CF
:10046000FFF7F0FF204610BDCAB2401E10F8011F72
:100470008A4202D00029F9D100207047421C10F8AE
:10048000011B0029FBD1801A704710B5002200E043
:10049000521C835C8C5CA34201D1002BF8D1D8B2F2
:1004A000E1B2401A10BD30B505460020034600E019
:1004B0005B1C934205D2EC5CC85C201A01D1002C75
:1004C000F6D130BD70B5064605F0ACFF04680546B0
:1004D0000A220021304600F061FB2C6070BDF0B4B0
:1004E00080EA0102D40F4200B2EB410F02D2024671
:1004F000084611464A0042D0C30DDDB2C1F3C752CF
:10050000AD1A202D35DAC1F3160141F4000204B111
:100510005242C5F1200602FA06F12A411044B3EB1B
:10052000D05F23D0C4B1012DA0EBC35009DCF0BCD7
:100530004FF0004202EAC352DBB200F5000000F0C7
:100540006EBB400000F1807000EBC350A0F18070E2
:1005500040EAD170490009E0490841EAC071A0EBC6
:10056000C35000F50000400800EBC350F0BC00F0A1
:100570004DBB6142012202EB4101001BF6E7F0BCDA
:10058000704781F00041AAE780F00040A7E780EAC9
:10059000010210B502F00043400022D04A001FD0F3
:1005A000010E01EB1261C0F35600C2F3560240F493
:1005B000000042F40002A0FB022000047F39140472
:1005C00000D0401C50EA124001D44000491EC2B283
:1005D0000C0604EBD010401C4008802A02D003E037
:1005E000002010BD20F00100002900DA002018438F
:1005F00010BD30B480EA010202F0004530F0004244
:1006000021F0004013D090B1C30DD40DC2F31601F8
:10061000C0F31600E41A41F4000140F400027D34F6
:10062000914201D3641C00E04900002C02DA30BC86
:10063000002070474FF400000023914201D3891A33
:10064000034340084FEA4101F7D151B1914202D131
:100650004FF0004105E002D24FF0010101E06FF0E0
:10066000010103EBC450284430BC00F0CFBA420073
:1006700005D0C0F3C7525242914201DC00207047BE
:1006800000EBC15070472DE9FE4F804681EA030020
:10069000C00F0C46009021F0004123F00045B8EB5C
:1006A0000200A94105D24046214690461C460B4611
:1006B000024623F00040104347D0270DC7F30A003D
:1006C000C3F30A510290401A019040286BDAC3F339
:1006D000130040F4801B0098924620B10023D2EB17
:1006E000030A63EB0B0B01985946C0F140025046D8
:1006F00000F0E5F906460D4650465946019A00F0CD
:10070000EDF910EB08006141002487EA115284EAF8
:10071000E7731A4340D0009A62B3019A012A4FEA64
:10072000075215DC001B61EB02014FF0004202EAA8
:100730000752CDE90042001C41F5801132462B469C
:1007400000F0AAFA03B0BDE8F08F40462146F9E771
:10075000001B61EB0201001C41F5801300185B4196
:100760002018A2F5001747EB030140EAD570B6192F
:100770006D4111E06D084FEA360645EAC0754FEA53
:100780000752001B61EB0201001C41F58011490872
:100790004FEA30000019514132462B4603B0BDE804
:1007A000F04F00F06ABA0098012240000023D0EB1D
:1007B000020263EBE073009821464FEAE074B8EB65
:1007C000000061EB0401E9E783F000435BE781F09F
:1007D000004158E72DE9FE4F81EA030404F000448C
:1007E00021F0004100944FF0000B23F0004350EA49
:1007F00001045ED052EA03045BD0C3F30A54C1F390
:100800000A552C44A4F2F3340194A0FB0254C1F322
:10081000130141F48011C3F3130343F4801301FB6C
:10082000024400FB034E840A970A44EA815447EAD3
:100830008357A4FB076802958D0A05FB07854FEADD
:10084000932C04FB0C542705029D4FEA065847EAF7
:100850001637B5EB08056EEB070C870E920E47EACC
:10086000811742EA8312A7FB0201B6EB0B0164EB8E
:1008700000042B0D43EA0C335E1844EB1C50DA469F
:100880005146E7FB0201C5F313044FEA0B3343EA79
:1008900014534FEA0432019C43EA0603A4F10C040A
:1008A0000294009CCDE900B400F0F6F903B0BDE875
:1008B000F08F00200146F9E7C10F80EAE07008449C
:1008C000CA079623002100F0AAB9962300221146F8
:1008D00000F0A5B90EB540F2334102910021CDE9F7
:1008E00000110A460B4600F0D7F903B000BD00F036
:1008F000004220F00040C10DC0F3160040F400009B
:100900007F2901DA00207047962903DCC1F19601A6
:10091000C84001E096398840002AF4D04042704730
:1009200020F00040C10DC0F3160040F400007F2904
:1009300001DA00207047962903DCC1F19601C84016
:100940007047963988407047C1F30A5210B5C1F319
:10095000130140F2FF3341F480119A4201DA002082
:1009600010BD40F233439A42A2F2334203DC5242BA
:10097000FFF746FD10BD904010BD00F0004230F082
:1009800000400AD0C10D01F56071C0F3160042EAC3
:100990000151C208400711437047002001467047CB
:1009A00030B5041E71F1000404DB4FF000444042F6
:1009B00064EB0101141E73F1000405DB1C464FF0CB
:1009C0000043524263EB0403994208BF904230BD9A
:1009D00001F0004330B421F0004150EA010206D09A
:1009E0000A0DA2F56072C1F31301002A02DC30BCCB
:1009F00000207047440F44EAC104C100E01830BC35
:100A000000EBC25000F002B9002801DBC0F1004049
:100A1000002901DBC1F1004181427047002801DB60
:100A2000C0F10040002901DBC1F10041884270475C
:100A300030B50B46014600202022012409E021FAAE
:100A400002F59D4205D303FA02F5491B04FA02F5AB
:100A50002844151EA2F10102F1DC30BD2DE9F05F42
:100A60000546002092469B4688460646814640241D
:100A70001BE02846414647462246FFF7C1FC534645
:100A80005A46C01A914110D311461846224600F02A
:100A900016F82D1A67EB01084F4622460120002167
:100AA00000F00DF817EB00094E41201EA4F10104DF
:100AB000DFDC484631462A464346BDE8F09F202AFF
:100AC00004DB203A00FA02F1002070479140C2F1A5
:100AD000200320FA03F3194390407047202A06DBD5
:100AE000CB17203A41FA02F043EAE07306E041FAFC
:100AF00002F3D040C2F120029140084319467047EA
:100B00000FB4002300B589B00CA900910B996FF0C8
:100B10000042CB601E4B06931E4B07930423CDE986
:100B200001321D4A089202466B46002000F09AFAF4
:100B300009B05DF814FB70B586B006464FF0FF3083
:100B40000091CDE90101002015460C460490324683
:100B5000694604A8FFF7D4FF02460498211825B17E
:100B600008B1084600E020462860049800280DD00F
:100B7000002A02DD0098884208D0081B0094CDE9C5
:100B800001043246694604A8FFF7BAFF06B070BDFB
:100B90009D120108BB120108290F01082DE9F04739
:100BA00091460F4680460446002614F8015B2DB19D
:100BB00000F0B6F90068405DC007F6D12B2D02D0D9
:100BC0002D2D18D0641E4A463946204600F086FB7B
:100BD00027B13968A14201D1C7F8008071054FF0F3
:100BE00002040BD54042002803DD05F01BFC046025
:100BF000A007BDE8F08746F48066E4E70028F8DA4D
:100C000005F010FC04606FF00040F2E70029A8BF77
:100C10007047401C490008BF20F00100704710B425
:100C2000B0FA80FC00FA0CF050EA010404BF10BCDA
:100C3000704749B1CCF1200421FA04F411FA0CF107
:100C400018BF012121430843A3EB0C01CB1D4FEA40
:100C500000614FEA102042BF002010BC704700EB3B
:100C6000C35010440029A4BF10BC7047401C490069
:100C700008BF20F0010010BC704710B5141E73F1BE
:100C8000000408DA401C41F1000192185B411A434C
:100C900001D120F0010010BD2DE9F04D92469B4698
:100CA00011B1B1FA81F202E0B0FA80F2203290463E
:100CB000FFF705FF04460F4640EA0A0041EA0B0130
:100CC00053465A46084313D0114653EA010019D03F
:100CD000C8F140025046FFF793FB05460E465046CA
:100CE00059464246FFF7EBFE084305D0012004E0D9
:100CF00020463946BDE8F08D0020054346EAE076FF
:100D00002C4337430A986305E40AA0EB080000224D
:100D1000FD0A44EA47540A3002D500200146E9E7BB
:100D2000010510196941DDE9084500196941BDE86F
:100D3000F04DA2E72DE9F04D81EA030404F0004BE9
:100D400021F0004514464FF0000A23F0004150EA1C
:100D5000050220D054EA01021DD0C5F30A5702460D
:100D6000C5F31303C1F31300C1F30A5640F4801511
:100D700043F48013A7EB0608101BD64608F2FD3893
:100D800073EB050002D308F1010801E092185B4102
:100D9000B8F1000F03DA00200146BDE8F08D002015
:100DA0004FF48011064684460EE0171B73EB0507CF
:100DB00005D3121B63EB050306434CEA010C4908FB
:100DC0004FEA300092185B4150EA0107EDD152EA38
:100DD000030012D082EA040083EA0501084305D02B
:100DE000101BAB4106D20122002306E000224FF087
:100DF000004302E06FF0010253101AEB06004CEBC7
:100E0000085110EB0A0041EB0B01BDE8F04DFFF774
:100E100034BF00002DE9F041054621F000400C46AA
:100E2000284309D0C4F30A5040F23341884205DD1B
:100E300028462146BDE8F0812846FBE740F2FE3116
:100E4000884210DC0CDB4FEA043040EA155050EACF
:100E5000053105D0104804F0004101430020E9E7C6
:100E600000200146E6E7A0F233404642C6F14002C8
:100E700028462146FFF723FE074688462846214696
:100E80003246FFF7BDFA43463A46FFF7F6FE3246D2
:100E9000BDE8F041FFF713BE0000F03FC1F30A5276
:100EA000C1F3130140F2FF3341F480119A4202DA98
:100EB00000200146704740F233439A42A2F2334287
:100EC00002DC5242FFF79CBAFFF7F9BD30B5041EB1
:100ED00071F1000404DB4FF00044404264EB010177
:100EE000141E73F1000405DB1C464FF00043524210
:100EF00063EB04038B4208BF824230BD064C074DB2
:100F000006E0E06840F0010394E8070098471034D9
:100F1000AC42F6D3FFF710FAE4C1010804C201089D
:100F200000487047F0C0010810B50446FFF7F8FF0D
:100F30000068005D00F0010010BD00002DE9FF4FCA
:100F4000087883B09946FF2805D0491C2D2804D085
:100F50000024002008E000200BE00124F9E700EB6A
:100F6000800003EB4000491C0B78FF2BF7D104B144
:100F7000404200230293147819461D462D2C01D0BF
:100F80002B2C04D1521C2D2C13D000240294AA46E1
:100F90001478FF2C0FD00A25A3FB057801FB0581EF
:100FA0004FF0000C03FB0C11521CE3194AEB01013A
:100FB000EEE70124EAE7814453EA010002D019F583
:100FC000C87F06DA03980021C0E9001107B0BDE828
:100FD000F08F0025AE4E2F46DFF8B882184600F09D
:100FE000DAF9CDE90001B9F1000002DAC9F1000433
:100FF00000E004460023A74A1AEB030B42EB045A15
:1010000012E0E00707D02A46334638464146FFF74C
:10101000E1FB074688462A46334610461946FFF745
:10102000D9FB05460E466410002CEAD1DDE900012B
:10103000B9F1000F5A46534606DAFFF77BFE3A46EF
:101040004346FFF777FE05E0FFF7C4FB3A46434609
:10105000FFF7C0FB029A0AB181F00041039AC2E98E
:101060000001B3E72DE9FF4F1F468DB0D7E90146D8
:101070004FF0FF382E2045464FF000090B90B9691C
:101080006D1C0E988847396A824688470028F6D139
:10109000BAF1FF3F0AD024F4D064002E11DDBAF17A
:1010A0002B0F08D0BAF12D0F0BD102E0404611B042
:1010B0008DE744F48064B9696D1C0E9888478246B8
:1010C000761E6946600501D52D2000E02B208DF8A5
:1010D000000001F1010B0DF1200809E0B9696D1C58
:1010E0000E98884782460F9844F40074761E056077
:1010F000002E02DDBAF1300FF0D00B998A453ED1B7
:1011000044F0800406E00F99681CA9F1010944F439
:1011100000740860B9696D1C761E0E988847824677
:101120003028F0D02BE00B998A4505D1200603D456
:1011300044F08004761E18E0504605F055FA08B3D6
:101140000DF11301761E44F400748B4508D2AAF108
:1011500030000BF8010B200607D5A9F1010003E0D0
:10116000200602D409F101008146A00502D50F999D
:10117000681C0860B9696D1C0E9888478246002E6D
:10118000D1DC53E0002E51DDBAF1650F02D0BAF187
:10119000450F4BD1A00549D5B9696D1C24F44074A5
:1011A000761E0E9888478246002E0CDD2B2804D030
:1011B000BAF12D0F07D144F48074B9696D1C0E98F3
:1011C00088478246761EE00501D52D2100E02B21BF
:1011D00008F8011BCDF82C8021E00DF12901761EC5
:1011E00044F4007488450CD2AAF1300010F0FF00DE
:1011F00088F8000002D10B99884509D908F1010847
:1012000006E0E00501D5244801E042F20F70814676
:10121000B9696D1C0E98884782460F980560002EAC
:1012200004DD504605F0E0F90028D6D1F9690E98A2
:101230008847FF208BF8000088F800000020069007
:1012400007904B466A4608A906A8FFF777FEA00557
:1012500002D46FF001002AE714F0240F0AD0E0074F
:1012600014D1DDE906123868031D3B600068C0E94F
:1012700000120BE0DDE90601FFF7AAFB0146E007DB
:1012800004D13868021D3A600068016028460EE704
:10129000000014400000F03FF1D8FFFF426842B167
:1012A000016811F8013B23B1521EC0E90012184633
:1012B00070470121C160881E704742685AB1C368F7
:1012C000016843B983688B4205D0491E521CC0E9AE
:1012D0000012002070474FF0FF3070472DE9F05F9B
:1012E00082460078002715468B460AF10104B9466C
:1012F000302801D09DB113E014F8010B01277828A4
:1013000003D0582801D045B10AE00DB1102D07D106
:101310000027102514F8010B02E0082500E00A253B
:101320000026B0460EE005FB080005FB06F101278C
:1013300001EB10461FFA80F8B6F5803F00D3B9469E
:1013400014F8010B294600F018F80028EBDABBF17D
:10135000000F05D00FB1641E00E05446CBF80040EA
:10136000B9F1000F06D005F05DF802210160C81E3A
:10137000BDE8F09F48EA0640FAE73A2800D2303844
:1013800020F02002412A01D3A2F13700884201D384
:101390004FF0FF3070470EB540F233420292002208
:1013A000CDE900221346FFF777FC03B000BD70B50E
:1013B0008C1810F8015B15F0070301D110F8013B00
:1013C0002A1106D110F8012B03E010F8016B01F887
:1013D000016B5B1EF9D12B0705D40023521E0DD4DF
:1013E00001F8013BFAE710F8013BCB1A921C03E02D
:1013F00013F8015B01F8015B521EF9D5A142D8D365
:10140000002070BD70B5044600688168C943C907F3
:1014100017D1816821F00101816000F0BBFF054612
:101420000AE000BF00F0B6FF401B022804D9206884
:101430008068C043C00706D020688068C043C007EA
:10144000F0D0002070BDA06A40F01000A062E06AF9
:1014500040F00100E062012070BD0000F8B50026F8
:101460000446009600688168C943C9072DD0816889
:1014700041F001018160164816490068B0FBF1F0A7
:1014800000E0401E00900028FBD100F083FF0546DD
:1014900016E000BF00F07EFF401B022810D9206834
:1014A0008068C043C0070BD0A06A40F01000A06263
:1014B000E06A40F00100E06284F824600120F8BD99
:1014C00020688068C043C007E4D10020F8BD000058
:1014D0002C00002040420F0010B5282007F0E0FD4E
:1014E00002F01DFD712002F0FDFC02F0AFFC28BBF4
:1014F00002F0C4FC0446012002F0E0FC02F027FDEB
:10150000200701D5002010BD02F009FD702002F077
:10151000E9FC02F09BFC88B9BE2002F0E3FC02F07B
:1015200095FC58B9082002F0DDFC02F08FFC28B9C8
:10153000002002F0D7FC02F089FC18B102F007FD90
:10154000012010BD02F003FD0A2007F0A9FDD9E734
:101550002DE9FC410D46064602F0E1FC702002F048
:10156000C1FC02F073FCF0B9AC2002F0BBFC02F04D
:101570006DFCC0B9332002F0B5FC02F067FC90B9F5
:10158000002002F0AFFC02F061FC60B902F0DFFC69
:10159000502007F085FD02F0C2FC712002F0A2FC91
:1015A00002F054FC20B102F0D2FC0120BDE8FC8125
:1015B00002F064FC000606D5012002F07FFC02F078
:1015C000C6FC0220F2E7002002F078FC00246F46FF
:1015D00002F054FC3855042C01DA002000E0012010
:1015E00002F06CFC641C052CF2DB02F0B0FC9DF8F0
:1015F00000009DF80110000340EA01109DF8021060
:101600009DF8032040EA11100907090B41EA022462
:101610009DF804100C43FFF758F96FF01307394693
:10162000FFF725F80949FEF7B2FF28602046FFF7CB
:101630004CF93946FFF71BF80549FEF7A8FF0549A5
:10164000FEF79FFF30600020B0E700000000C842B6
:10165000000048430000484210B5012000F034F873
:101660000A2007F01DFD102000F02EF8BDE8104004
:10167000B42007F015BD000070B5044602F04FFC21
:10168000472002F02FFC02F0E1FB18B102F05FFCF2
:10169000012070BD02F0F2FB0546002002F00EFCB6
:1016A00002F0ECFB0646012002F008FC02F04FFCC1
:1016B00046EA0520FFF709F90249FEF79AFF206084
:1016C000002070BD9A99993F10B5044602F027FC9E
:1016D000462002F007FC02F0B9FB204602F002FCB3
:1016E00002F0B4FBBDE8104002F031BCFEE70000A0
:1016F00002461021014800F04AB90000000C0140E8
:1017000070B505464FF6FF7000224AF201040EE064
:10171000AB5C58400023C60702D084EA500000E0CA
:1017200040085B1CDBB2082BF5D3521C92B28A42F4
:10173000EED370BD01220249024802F09BB80000BE
:10174000150100204C03002090B01E4D00266F466E
:10175000287888B9688878B107F0C6FC6968401AAB
:10176000C82809D308F018FF287818B9688808B184
:101770000120287008F030FF08F00EFF287858B1DB
:101780006A8811496846FEF74BFE6C882E706E80A1
:1017900008F022FF3CB911E008F01EFF0EE0641EC5
:1017A0002404240C06D0381910F8010C0A28F6D0AD
:1017B0000D28F4D03E55684605F076FB0A2007F068
:1017C0006FFCC5E714010020405C00207047022038
:1017D00000F0CEBC72B6FEE7002200F001B80000B7
:1017E00030B50E4B054601205C7A012C15D8587A8D
:1017F00000241C54587A03EB800045605D7A03F1A5
:1018000008002A54587A421C5A72303008703A2024
:1018100048702F208870CC70002030BDA861002057
:1018200006490020C8610648016941F004010161D0
:10183000016941F04001016170470000700400201F
:1018400000200240064A0021D16106490A6942F09F
:1018500002020A614861086940F04000086170476F
:101860007004002000200240044B0022DA61044A88
:10187000136943F001031361018070477004002075
:101880000020024014480022C168CB06134904D549
:10189000CA6942F00202CA611022C3685B0705D51B
:1018A000CB6943F00103CB6142F00402C369DB075B
:1018B00007D0CB6943F00403CB61C16921F001017A
:1018C000C161A2F58071013901D0C2607047C16960
:1018D00021F00101C1617047002002407004002026
:1018E00070B5054600F056FD0646114C09E0681C2F
:1018F00007D025B100F04EFD801BA84201D903207E
:1019000070BDE068C007F2D1E068800601D52020F4
:10191000E060E068C00605D4E069C00702D1E06875
:10192000400703D5FFF7AEFF012070BD002070BD5A
:1019300000200240024908700146002002F0F2BF78
:10194000400100200148007870470000400100205D
:1019500001484088704700004001002010B500F0A9
:1019600071FA06498A884860821AC2EB02104FF663
:10197000FF7202EAC000488010BD00004001002054
:1019800010B500F0FDFC012800D0002010BD02B110
:10199000012200F0FABC0000F8B50024009490F891
:1019A00024202546012A12D0012280F824204A68EA
:1019B0001F23072A0DD20668776B521E02EB8202A4
:1019C00093409F430B6893401F43776319E00220C5
:1019D000F8BD06680D2A0AD2376BD21F02EB8202CD
:1019E00093409F430B6893401F43376309E0F76AB6
:1019F0000D3A02EB820293409F430B6893401F43D2
:101A0000F7620A68072306680A2A0AD3F7680A3ABF
:101A100002EB420293409F438B6893401F43F76061
:101A200008E0376902EB420293409F438B68934082
:101A30001F4337610A68102A01D0112A20D1124BA6
:101A400002689A4217D193681B0219D4936843F431
:101A5000000393600968102912D10C490C4A0968E7
:101A6000B1FBF2F101EB8101490000E0491E009158
:101A70000029FBD104E0816A41F020018162012448
:101A800080F824502046F8BD002401402C0000209E
:101A900040420F000068C06C704700002DE9F04123
:101AA00004004FF000057FD0A06A002628B9E66246
:101AB00084F82460204600F081F82046FFF7A2FC5D
:101AC000A16AC90600D420B1A06A40F01000A0624B
:101AD0006AE0A16A21F4885141F00201A162334910
:101AE00023688B42E16904D1B1F5402F01D14FF455
:101AF0000021277B4FF4807C41EA470261680A435A
:101B0000A168614508D0012906D0002194F814E0AD
:101B1000BEF1010F02D00AE06146F7E7C7B1A76A3C
:101B200047F02007A762E76A47F00107E7625F68AE
:101B300027F469470F435F60236899681C4F394059
:101B400011439960A16861450BD0012909D00CE0CF
:101B5000DFF860E0A7690EEB47370F4347F40061F9
:101B6000E5E7218A0D05A5F580152168CB6A23F4E8
:101B700070032B43CB62216889680F4B1940914257
:101B800008D1E662A16A21F0020141F00101A162DF
:101B9000BDE8F081A06A20F0020040F01000A062D1
:101BA000E06A40F00100E0620120F1E7003C014002
:101BB000FDF7E1FF00E0FFFFFE0E1FFF00B585B05F
:101BC0000021009101910291039100680E49884221
:101BD00018D10E48816941F400718161816901F475
:101BE00000710491816941F0040181618069694655
:101BF00000F00400049002200090032001900448AB
:101C000000F0C2FA05B000BD0024014000100240FF
:101C1000000801402DE9F84300270D4604460097CF
:101C200000F0B8FB804620688168C90508D5A06A25
:101C300040F02000A06284F824700120BDE8F88301
:101C40004168C90503D4C06A10F4700F2AD002207D
:101C500000F070FC3B490968B1FBF0F620680369AD
:101C600039490B424FEA61014FEAA1121FD1C36803
:101C70004FEA611C13EA0C0F19D103690B4225D1FD
:101C8000C068104222D1142023E0681C0AD02DB174
:101C900000F080FBA0EB0800A84203D92068006890
:101CA000800725D5206800688007EED52DE0036900
:101CB0000B4202D1C168114206D0026923490A428F
:101CC00006D1C068084203D1542002E0292000E078
:101CD000FC204643009816E0681C11D02DB100F09E
:101CE00059FBA0EB0800A8420AD90098B04207D2DD
:101CF000A06A40F00400A06284F8247003209DE7ED
:101D00000098401C0090B042E6D321686FF01200AA
:101D10000860A06A40F40070A06220688068C0F388
:101D2000424007280CD1207B50B9A06A20F4807073
:101D3000A062A06AC00403D4A06A40F00100A062BF
:101D400000207BE72C0000202449922449922400A3
:101D500070B5044690F8240001280DD0012084F8C5
:101D600024002046FFF77AFB02004FF0000005D068
:101D700084F82400104670BD022070BDA16A40F2B4
:101D80000123994341F48071A1621F4D23681F49CB
:101D9000AB4218D10E6816F4702F14D0A66A46F420
:101DA0008016A6620E68760505D5A66A26F400564A
:101DB00046F48056A662A66AF6040AD5E66A26F0BC
:101DC0000606E66206E0A66A26F48016A6625E684B
:101DD000E9E7E06284F824006FF0020018602068F0
:101DE0008368C3F34243072B05D1A84208D1096891
:101DF00011F4702F04D0816841F480118160B9E73B
:101E0000816841F4A001F9E7002801400424014061
:101E100010B5044690F82400012807D0012084F86A
:101E200024002046FFF7EEFA10B107E0022010BDB3
:101E3000A16A21F4885141F00101A162002184F8D6
:101E4000241010BD014800687047000030010020D8
:101E500001490020086070473001002010B590F85B
:101E600021100022022905D00421816380F820205E
:101E7000012010BD01680B6823F00E030B600168A0
:101E80000B6823F001030B6090F84030C46B012114
:101E900001FA03F3636080F8211080F820201046D7
:101EA00010BD00002DE9F05F90F8211000240229F8
:101EB00003D004218163012485E001680A6822F0CF
:101EC0000E020A6001680A6822F001020A603F4EB1
:101ED0003E4FB215DFF8F4C0DFF8F090DFF8ECA069
:101EE000DFF8E8B0DFF8E4E00168783F130115029D
:101EF000ACF1640CA9F15009AAF13C0AABF1280B32
:101F0000AEF1140E4FF48018B14227D9B9420ED069
:101F1000614512D049451DD0514518D0594518D0BA
:101F2000714501D1424615E0294EB14201D101224D
:101F300010E0274E1436B14201D110220AE0244E9F
:101F40002836B14206D0224A3C32914201D11A468B
:101F500000E02A461E49091F0A602BE0B94213D04F
:101F6000614517D0494522D051451DD059451DD056
:101F7000714501D142461AE0B14202D14FF0807260
:101F800015E0134EB14201D1012210E0104E14367B
:101F9000B14201D110220AE00D4E2836B14206D0DE
:101FA0000B4A3C32914201D11A4600E02A460749C9
:101FB00080394A60012180F82110002180F820102A
:101FC000416B01B188472046BDE8F09F8000024088
:101FD0000804024070B5044600F0DCF90546601CB8
:101FE00002D004480078044400F0D4F9401BA04219
:101FF000FAD370BD200000202DE9F04705462648A1
:102000000F460126017E01290FD00121814601766C
:102010002868DFF888804CF25034022808D0A246A5
:102020002046FFF75DFCA8B131E00220BDE8F08753
:102030002046FFF755FC08BB0120FFF7F1FB2046C7
:10204000FFF74EFCD8F81010064621F00401C8F83E
:1020500010101CE04FF0FF303860AC6811E02046F3
:10206000FFF7F0FB5046FFF73BFCD8F810100600D6
:1020700021F00201C8F8101001D03C6007E004F51F
:102080000064D5E9020100EBC120A042E7D800219D
:1020900089F818103046C9E770040020002002407B
:1020A0000348016941F08001016100207047000090
:1020B000002002402DE9F05F07461C4888460024B6
:1020C000017E15461E46012909D00121814601766F
:1020D0004CF2503A5046FFF703FC18B122E00220C0
:1020E000BDE8F09F012F02D0022F00D00427D34675
:1020F000DFF83CA0220128463146FEF781F981B283
:1021000008EB4400FFF7B0FB5846FFF7E9FBDAF8AD
:10211000102022F00102CAF8102018B9641CE4B2A1
:10212000BC42E7D3002289F81820D9E770040020C8
:1021300000200240064900200A69120607D5054A18
:102140004A60054A4A600969090600D501207047BE
:102150000020024023016745AB89EFCD022803D15F
:1021600002480168491C01607047000030010020EE
:10217000044910B50A68024202D00860FFF7EEFF7A
:1021800010BD0000140401402DE9F84FDFF8C8919C
:102190000024A9F1040B23460F2709F1040AABF12F
:1021A000040ED1E00125A54006EA0502AA4276D137
:1021B000DFF8A8C14E68A6EB0C0866452BD00DDCF5
:1021C000032E34D005DC36B3012E19D0022E2FD1C8
:1021D0001BE0112E16D0122E2AD119E0B8F5881F57
:1021E00019D006DCB8F5803F15D0B8F5801F1FD197
:1021F00011E0B8F5001F0ED0B8F5041F18D10AE0A1
:10220000CB6815E0CB681B1D12E0CB6808330FE0EC
:10221000CB680C330CE08B682BB1012B4FF008031B
:1022200003D0456104E0042302E0056100E00023DF
:10223000FF2A01D8064601E000F104064FEA8405B2
:1022400001D9A5F12005D6F8008007FA05FC28EA97
:102250000C0803FA05F548EA0508C6F800804D6841
:10226000ED0070D53E4DAE6946F00106AE61AD6938
:1022700024F0030605F0010500953A4D06EB050C28
:10228000DCF80850A607360F07FA06F825EA080515
:10229000DFF8D480404503D14FF0000825E052E03C
:1022A000DFF8C880404502D14FF001081DE0DFF89B
:1022B000C080404502D14FF0020816E0DFF8B4803C
:1022C000404502D14FF003080FE0DFF8AC804045F5
:1022D00002D14FF0040808E0DFF8A080404502D1A9
:1022E0004FF0050801E04FF0060808FA06F848EA42
:1022F0000508CCF808804D68D9F80060ED024D461D
:1023000001D5164300E096432E604D68DAF8006070
:10231000AD02554601D5164300E096432E604D6848
:10232000DBF80060AD035D4601D5164300E096433F
:102330002E604D68DEF80060ED03754601D516434A
:1023400000E096432E60641C0A681646E2407FF463
:1023500029AFBDE8F88F000008040140000011100B
:10236000001002400000014000080140000C014044
:10237000001001400014014000180140001C014001
:102380008068084000D0012070470AB101617047A1
:102390000904FBE701488068704700002000002026
:1023A0000248816802781144816070472000002053
:1023B000074810B5016841F010010160032000F0EA
:1023C000A7F80F2000F006F800F050F8002010BD2C
:1023D0000020024030B505461F4887B0C16941F072
:1023E0000401C161C06906A900F00400009001A8C1
:1023F00000F008FA0498B0B100F024FA4000174940
:10240000174AB0FBF1F11748491E0260416040F2E3
:10241000E7320021C0E903218160816100F0B4FD51
:10242000040003D015E000F00DFAE8E70D4800F0D5
:10243000F5FD04000DD11E2000F03CF8102D07D250
:10244000002229461E2000F043F80748056000E0FE
:10245000012407B0204630BD0010024040420F006A
:102460000008004024040020240000200F4808B584
:10247000816941F001018161816901F001010091EF
:10248000C16941F08051C161C069002200F08050F3
:1024900000900F21901E00F01BF80548416821F0C4
:1024A000E06141F00071416008BD00000010024091
:1024B00000000140002809DB00F01F0201219140CB
:1024C0004009800000F1E020C0F8001170470000D2
:1024D000F0B40E4B1B680C46C3F30223C3F107058F
:1024E000042D00D90425191D072901D2002300E07D
:1024F000DB1E012606FA05F1491E214099409E4047
:10250000761E16403143F0BC03F07CBF0CED00E0BA
:10251000064900F0070208684FF6FF03184040EA3A
:102520000220034A10430860704700000CED00E0F1
:102530000000FA0510B501460020284C04292FD0D0
:102540000BDC012930D0022929D100F08BF9616818
:10255000C1F38131491C49001FE0082920D010290E
:102560001DD161682268D20119D51D48C1F383428B
:10257000C903805C0AD56168194AC1F34041921EC3
:10258000515C184AB2FBF1F1484301E01649484357
:102590006168490203D440000321B0FBF1F010BD93
:1025A000BDE8104000F06EB9226AC2F30121012992
:1025B00003D1920701D5C80310BD022905D1626A73
:1025C000920702D549F6404010BD0329FCD121688D
:1025D0008903F9D54FF2244010BD000000100240DD
:1025E000BCBA010800127A0000093D002DE9F84349
:1025F00005460078354CC00754D0E0690026C0007D
:1026000008D4E06940F08050E061E069012600F004
:10261000805000902E480168C90512D40168804698
:1026200041F480710160FFF7B5FE074605E000BF89
:10263000FFF7B0FEC01B642823D8D8F80000C005FF
:10264000F6D5206A10F4407021D0A98801F44071B9
:1026500081421CD0206A1F49012220F440700A6088
:1026600000220A602062C00711D0FFF793FE0746E0
:1026700041F2883808E000BFFFF78CFEC11B4145DE
:1026800002D90320BDE8F883206A8007F4D5206AC8
:10269000696820F44070084320621EB1E06920F0B0
:1026A0008050E0612878800705D56068A96820F42B
:1026B0004040084360602878C00605D560686969B5
:1026C00020F48000084360600020DBE70010024037
:1026D00000700040400442422DE9F0470F460500DB
:1026E00061D0434E306800F00700B84209D230682C
:1026F00020F0070038433060306800F00700B8422F
:1027000051D128683B4C810712D5400703D560683A
:1027100040F4E06060602878000703D5606840F40A
:10272000605060606068A96820F0F0000843606055
:102730002878C00728D06868012810D021680228AE
:1027400010D0890700292EDA616821F003010143C6
:102750006160FFF71FFE804641F288390DE0216875
:102760008903EFE78901EDE7FFF714FEA0EB08010D
:10277000494502D90320BDE8F0876068696800F028
:102780000C00B0EB810FEFD1306800F00700B842C9
:102790000BD9306820F0070038433060306800F013
:1027A0000700B84201D00120E5E72878400705D5A9
:1027B0006068E96820F4E0600843606028780007FA
:1027C00006D56068296920F4605040EAC100606065
:1027D00000F058F86168084AC1F30311515CC84021
:1027E0000649086006480068FFF7F4FD0020C2E7CC
:1027F0000020024000100240CCBA01082C0000204A
:10280000240000200F2202600C4A536803F00303E7
:102810004360536803F0F0038360536803F4E0639C
:10282000C36052684FF4E06303EAD20202610448D5
:10283000006800F0070008607047000000100240C8
:10284000002002400448054900684968044AC1F371
:102850000221515CC84070472C000020001002404B
:10286000DCBA01080448054900684968044AC1F314
:10287000C221515CC84070472C000020001002406B
:10288000DCBA01080E4A51680E4801F00C03042B13
:1028900011D0082B0FD10C48C1F38343C903C05C8E
:1028A0000AD55168084AC1F34041921E515C054A5D
:1028B0005043B0FBF1F070470449484370470000B3
:1028C0000010024000127A00AABA010800093D0077
:1028D0002DE9F84F040070D02078C04DC00749D0D2
:1028E0006868C0F38100012807D06868C0F38100E0
:1028F000022809D16868C00306D52868800339D545
:1029000060680028E7D035E06068B0F5803F0BD004
:1029100010B1B0F5A02F11D0286820F480302860C5
:10292000286820F4802002E0286840F48030286085
:10293000606890B1FFF72EFD06460AE0286840F473
:1029400080202860F0E700BFFFF724FD801B64288B
:1029500073D828688003F7D50CE0FFF71BFD064607
:1029600005E000BFFFF716FD801B6428F0D828683B
:102970008003F7D420789A4E80074FF001094FF07A
:10298000000839D5686810F00C0F07D06868C0F3EC
:102990008100022809D16868C00306D4286880072E
:1029A00014D52069012808D110E02069B0B1C6F81B
:1029B0000090FFF7EFFC074605E00AE1FFF7EAFCAD
:1029C000C01B0228C4D828688007F7D52868616929
:1029D00020F0F80040EAC10028600DE0C6F8008051
:1029E000FFF7D8FC074604E0FFF7D4FCC01B022821
:1029F00023D828688007F7D4207800072CD5794899
:102A0000A169D9B1C0F80090FFF7C4FC074604E003
:102A1000FFF7C0FCC01B02280FD8686A8007F7D5F3
:102A200071484FF4FA510068B0FBF1F0009000BF1C
:102A30000098411E0091FAD20EE080E0C0F80080BC
:102A4000FFF7A8FC074604E0FFF7A4FCC01B022820
:102A500075D8686A8007F7D42078400760D5E869A0
:102A60000027C00008D4E86940F08050E861E869B8
:102A7000012700F0805000905C480168C90513D41C
:102A80000168834641F480710160FFF783FC824650
:102A900006E000BFFFF77EFCA0EB0A0064284ED8DA
:102AA000DBF80000C005F5D5E06801280AD008B1C0
:102AB000052813D0286A20F001002862286A20F037
:102AC000040002E0286A40F001002862E06841F258
:102AD000883B98B1FFF75EFC82460BE0286A40F025
:102AE00004002862EEE700BFFFF754FCA0EB0A01E8
:102AF00059455AD8286A8007F6D50CE0FFF74AFCFA
:102B0000824605E0FFF746FCA0EB0A0159454CD888
:102B1000286A8007F6D41FB1E86920F08050E86188
:102B2000E06988B36968C1F38101022944D00228B1
:102B3000C6F8608004D0FFF72DFC044638E034E08E
:102B4000FFF728FC074604E0FFF724FCC01B02281F
:102B50002BD828688001F7D4206AB0F5803F05D1D2
:102B60006868A16820F4003008436860D4E908016F
:102B70000843696821F4741108436860C6F86090DE
:102B8000FFF708FC044606E025E000BFFFF702FC63
:102B9000001B022809D828688001F7D51BE000BF78
:102BA000FFF7F8FB001B022802D90320BDE8F88FCD
:102BB00028688001F4D40EE00128F7D06868226A02
:102BC00000F48031914204D1616A00F470108842AF
:102BD00001D00120EAE70020E8E7000000100240F1
:102BE00000004242800442422C000020007000405D
:102BF00070B5040009D0606A002540B125616561A7
:102C0000A56294F8510040B10CE0012070BD6068ED
:102C1000B0F5827FF4D0E561F2E784F850502046A9
:102C200000F040F8022084F851002068016821F08B
:102C300040010160A088218900F4827001F4044100
:102C40000843A18901F400610843217C01F00201DD
:102C50000843217D01F001010843218B01F400713B
:102C60000843217F01F03801084394F8201001F057
:102C700080010843218D01F4005108432168086058
:102C8000A069042101EA1040216848602068C169F8
:102C900021F40061C1616565012084F851000020C4
:102CA00070BD000030B585B00024009401940294FA
:102CB000039400681549884226D11548C16941F43A
:102CC0008041C161C16901F480410491816941F091
:102CD0000801816180690F4D00F0080004904FF4F5
:102CE000204000900220019003200390694628466E
:102CF000FFF74AFA4FF48040CDE90004012002902A
:102D000069462846FFF740FA05B030BD003800405C
:102D100000100240000C01402DE9FF4F81B01D461C
:102D2000934604464FF001090E9EFFF733FB07461A
:102D300094F851006168012806D0B1F5827F3CD13A
:102D4000A168C9BB042838D10298002871D0BBF112
:102D5000000FFBD0002DF9D094F8500001282CD0A2
:102D60004FF0010A84F850A094F85100042802D0D2
:102D7000052084F851004FF00008C4F85480C4F8CE
:102D800038B0E587A58702992163E586A586C4F852
:102D90004080C4F8448020680168490603D4016873
:102DA00041F040010160E068B0F5006F606808D054
:102DB000F0B3012D49D081E0FFE7022005B0BDE866
:102DC000F08F08B1012D39D1206B21680088C860CF
:102DD000206B801C2063E08E401EE0862EE0206881
:102DE000816889070FD5E18E69B1B9F1010F0AD168
:102DF000216B0988C160206B801C2063E08E401E1F
:102E0000E0864FF0000920688168C9070CD0E18F87
:102E100051B1C068A16B0880A06B801CA063E08FDB
:102E2000401EE0874FF00109FFF7B4FAC01B01E034
:102E30000BE067E0B04201D3701C50D1E08E002857
:102E4000CDD1E08F0028CAD13EE0206B2168007808
:102E50000873206B401C2063E08E401EE0862DE04E
:102E60002068816889070FD5E18E69B1B9F1010F3A
:102E70000AD1216B09780173206B401C2063E08E1E
:102E8000401EE0864FF0000920688168C9070CD019
:102E9000E18F51B1C068A16B0870A06B401CA063AA
:102EA000E08F401EE0874FF00109FFF773FAC01B67
:102EB000B04202D3701C01D011E086B1E08E002830
:102EC000CED1E08F0028CBD13A463146204602F0E1
:102ED0000DFC50B12020606584F8508012E084F829
:102EE00051A084F85080032068E7A06818B92068D2
:102EF000C1688068009084F851A084F85080606DAB
:102F00000028F1D0012059E77047704770B590F85C
:102F10003C20012A2CD0012480F83C40022280F879
:102F20003D2003685A689D6822F070060A683243A3
:102F30005A60104B02689A420ED00F4B9A420BD047
:102F4000B2F1804F08D00D4B9A4205D00C4B9A42FB
:102F500002D00C4B9A4204D1496825F080031943F2
:102F6000916080F83D40002180F83C10084670BD1B
:102F7000022070BD002C01400034014000040040DC
:102F800000080040000C004010B5040003D094F885
:102F90003D0010B107E0012010BD002084F83C0086
:102FA000204600F01FF8022084F83D00211D206813
:102FB00002F012FF012084F8460084F83E0084F8F5
:102FC0003F0084F8400084F8410084F8420084F80F
:102FD000430084F8440084F8450084F83D00002054
:102FE00010BD000008B50068B0F1804F12D10A484A
:102FF000C16941F00101C161C069002200F0010016
:10300000009005211C20FFF763FABDE808401C2052
:10301000FFF750BA08BD00000010024090F83D10C4
:10302000012901D001207047022180F83D1001687C
:10303000CA6842F00102CA6000680E4988420ED098
:103040000D4988420BD0B0F1804F08D00B4988421F
:1030500005D00B49884202D00A49884204D18168D0
:1030600001F00701062903D0016841F00101016068
:1030700000207047002C0140003401400004004053
:1030800000080040000C004070B5044690F83C0079
:103090000025012817D0012684F83C60022084F81E
:1030A0003D002068826822F0770222F47F4282602D
:1030B0000868502838D00DDC20284FD005DC90B3AC
:1030C000102811D14AE0022070BD302846D0402897
:1030D0000AD13BE060282FD070280DD0B0F5805F7A
:1030E00003D0B0F5005F12D0012584F83D600020C8
:1030F00084F83C00284670BDCB68D1E901212068E6
:1031000002F0B8FE2068816841F0770109E0CB68E1
:10311000D1E90121206802F0ADFE2068816841F408
:1031200080418160E1E719E0CA684968206802F0DF
:1031300075FF5021206806E0CA684968206802F0DF
:103140007EFF6021206802F09FFECEE7CA684968D2
:10315000206802F063FF40212068F4E722680146FE
:103160001046F0E770472DE9F04104460068C66854
:1031700005694FF00007A90713D5B10711D5F91E4E
:10318000016101202077206880698007204602D0F5
:10319000FFF7E8FF04E000F0A5F8204600F04AF948
:1031A0002777680716D5700714D521686FF00400DB
:1031B0000861022020772068806910F4407F204653
:1031C00002D0FFF7CFFF04E000F08CF8204600F0BB
:1031D00031F92777280715D5300713D521686FF007
:1031E00008000861042020772068C0698007204615
:1031F00002D0FFF7B7FF04E000F074F8204600F0BB
:1032000019F92777E80616D5F00614D521686FF06E
:1032100010000861082020772068C06910F4407F02
:10322000204602D0FFF79EFF04E000F05BF8204646
:1032300000F000F92777E80708D0F00706D02168EA
:103240006FF001000861204600F0F6F8280608D566
:10325000300606D521686FF0800008612046FFF730
:1032600053FE680608D5700606D521686FF0400049
:103270000861204600F0F8F8A8060AD5B00608D57F
:1032800021686FF0200008612046BDE8F041FFF79B
:103290003CBEBDE8F081000000B585B00021009182
:1032A00001910291039100680B49884211D10B48AA
:1032B000816941F0040181618069694600F0040080
:1032C0000490C02000900220019003900448FEF773
:1032D0005BFF05B000BD000000040040001002408C
:1032E00000080140704770B5044690F83C00002685
:1032F0000D4601280FD0012084F83C006AB1042A51
:103300001DD0082A2FD00C2A3FD00126002084F897
:103310003C00304670BD022070BD206802F0BCFD4C
:103320002068816941F0080181612068816921F08C
:1033300004018161206881692A69114311E02068D4
:1033400002F0DAFD2068816941F400618161206842
:10335000816921F480618161206881692A6941EA7B
:1033600002218161D2E7206802F0FCFD2068C1697A
:1033700041F00801C1612068C16921F00401C16107
:103380002068C1692A69114311E0206802F01EFE1D
:103390002068C16941F40061C1612068C16921F4FC
:1033A0008061C1612068C1692A6941EA0221C16165
:1033B000ACE710B5040003D094F83D0010B107E06D
:1033C000012010BD002084F83C00204600F01EF8CB
:1033D000022084F83D00211D206802F0FDFC012040
:1033E00084F8460084F83E0084F83F0084F84000EA
:1033F00084F8410084F8420084F8430084F84400D3
:1034000084F8450084F83D00002010BD08B5006830
:103410000649884208D10648C16941F00201C161EC
:10342000C06900F00200009008BD000000040040E8
:10343000001002407047000010B504460068B0F16B
:10344000804F04D107F07EF80548006880470549A1
:103450002068884203D1BDE81040FEF7A1BF10BD2F
:10346000700100200008004070477047704700005E
:10347000F8B5016804460868CA684B6910F00F0F78
:103480004FF0000559D003F0010602F4907737435E
:1034900065D0C10705D0D10503D5616C41F00101AC
:1034A0006164410705D5D90703D0616C41F0020181
:1034B0006164810705D5D90703D0616C41F004012F
:1034C0006164010707D502F02001314303D0616C2C
:1034D00041F008016164616C00293AD0800604D58E
:1034E000900602D5204602F0EBFD20684069616C31
:1034F000C0F38010090700D460B3204602F0B9FD84
:1035000020684069400621D52068143050E8001F2B
:1035100021F0400140E80012002AF5D1E06BA8B18B
:103520006D494163E06BFEF7BDFC002811D0E06BF4
:10353000416B01B0BDE8F040084783060FD5930604
:103540000DD52046BDE8F84002F0BABD2046FFF791
:103550008DFFF8BD2046FFF789FF6564F8BD266B37
:103560002023012E7CD1C6067AD5D60678D50868E8
:103570004868009048694FF00206400640D5E16B6C
:10358000086840680004000CE8D0A28D8242E5D9AA
:10359000E085886920282DD020680C3050E8001F75
:1035A00021F4807140E80012002AF5D1206814301F
:1035B00050E8001F21F0010140E80012002AF5D177
:1035C0002068143050E8001F21F0400140E800124C
:1035D000002AF5D184F84230256320680C3050E889
:1035E000001F21F0100140E80012002AF5D1E06B25
:1035F000FEF734FC6663A08DE18D401A81B22AE0AB
:10360000A08DE18D401A81B2E08D0028A6D000295E
:10361000A4D022680C3252E8000F20F4907042E8E7
:103620000007002FF5D12068143050E8002F22F059
:10363000010240E80027002FF5D184F842302563CD
:1036400020680C3050E8002F22F0100240E80023E0
:10365000002BF5D166632046FFF707FFF8BDFFE7B3
:1036600005062BD5150629D594F841002128F5D15A
:10367000A068B0F5805F01D12069B0B1206A411C1B
:103680002162216800784860E08C401E0004000C34
:10369000E084E3D12068C16821F08001C160206826
:1036A000C16841F04001C160D8E7206A0088C0F3DA
:1036B00008004860206A801C2062E5E74006CDD5FE
:1036C0005006CBD5CA68204622F04002CA6084F872
:1036D000413000F059F9C1E76360010870B504009A
:1036E00004D094F84100002510B106E0012070BD1F
:1036F00084F84050204600F023F8242084F841004C
:103700002068C16821F40051C160204602F03AFDF2
:103710002068016921F4904101612068416921F02C
:103720002A0141612068C16841F40051C1606564AB
:10373000202084F8410084F842006563002070BDB9
:10374000F0B585B0002400940194029403940368BA
:10375000424F022042490322424D4602BB4225D13C
:103760008B6943F480438B618B6903F4804304933A
:103770008B6943F004038B618969039201F00401B2
:1037800004910102CDE9001069462846FEF7FCFCD1
:10379000CDE90064694628460294FEF7F5FC002254
:1037A00005212520FEF794FE252028E02E4FBB4260
:1037B00029D1CB6943F40033CB61CB6903F40033E7
:1037C00004938B6943F004038B618969039201F0D0
:1037D000040104910421CDE9001069462846FEF752
:1037E000D3FC0820CDE90004694628460294FEF780
:1037F000CBFC002205212620FEF76AFE2620FEF7DC
:1038000059FE05B0F0BD194DAB42FAD1CB6943F476
:103810008023CB61CB6903F4802304938B6943F04D
:1038200008038B618969124D01F00801CDE903217C
:10383000CDE9006069462846FEF7A6FCE814CDE90C
:103840000004694628460294FEF79EFC00220521EA
:103850002720FEF73DFE2720D1E700000038014079
:1038600000100240000801400044004000480040B1
:10387000000C014090F84230202B01D0022070470C
:1038800021B11AB10023036302F0D8BC01207047B4
:1038900010B50068104988421DD1104C60883F283F
:1038A00007D20F4A61781154401C608005F01CFC5F
:1038B000606060780A2804D00D2802D060883F2814
:1038C00001D30120207005490122BDE81040491CA8
:1038D0000448FFF7CFBF10BD00380140140100209D
:1038E000405C00204C0300202DE9F843044690F88A
:1038F0004100984616460D46202802D00220BDE819
:10390000F88385B17EB100206064212084F84100F5
:10391000FEF740FDA6848146E684A0682027B0F526
:10392000805F02D003E00120E9E7206910B12E4654
:1039300000250EE000260CE08021204602F099FCD4
:10394000A8B9C6B116F8010B21684860E08C401E8A
:10395000E084E08C4B464FF00002CDF80080002858
:10396000EAD14FF04001204602F083FC40B184F8D8
:1039700041700320C3E735F8020BC0F30800E3E70A
:1039800084F841700020BAE77047FEE708B1502183
:1039900000E00021012000F0C5BF10B5012000F0BB
:1039A0009BFF002800D0012010BD00003EB5002183
:1039B0001148009101910F4A0291026081600173E8
:1039C000017501244FF460220461C2614160FEF779
:1039D00065F808B1FDF7FEFE05200094CDE9014031
:1039E00069460548FDF7D8FF002801D0FDF7F2FE33
:1039F0003EBD0000002401403402002010B50449FF
:103A00000448FDF7E9FE0249491E087010BD000098
:103A1000210200200C02002010B59CB005F0E8F94E
:103A200001F0C0F9214805F050FC214C1F4A00214B
:103A30006061903A1F4805F09DFC1C4A60606C3A3A
:103A400000211D4805F096FC184AA060483A002164
:103A50001A4805F08FFC154AE060243A0021184806
:103A600005F088FC11492061242210316846FCF7DA
:103A7000D7FC6A460021134805F07CFC0B49242240
:103A8000343109A8FCF7CCFC09AA00210E4805F046
:103A900071FC06492422583112A8FCF7C1FC12AA75
:103AA00000210A4805F066FC1CB010BD2CBA0108C4
:103AB00008000020315A0108195B0108495B010820
:103AC000F55C010849170108D13D0108A54F01081F
:103AD0002DE9F04786B000244148009401940294F7
:103AE0000394816941F010018161816901F0100145
:103AF0000491816941F020018161816901F0200117
:103B00000491816941F004018161816901F004013E
:103B10000491816941F0080181618069DFF8C48006
:103B200000F0080042F203050490002229464046B6
:103B3000FEF72BFCDFF8B0A00022D1215046FEF7A3
:103B400024FC012211035046FEF71FFCDFF89C9075
:103B50006F11002239464846FEF717FC00950226F1
:103B600001250396CDE9015469464046FEF70CFB5A
:103B700041F25100CDE90005CDE9024669465046C3
:103B8000FEF702FB1A480096CDE90105694650464A
:103B9000FEF7FAFA4FF440708DE83100694640466E
:103BA000FEF7F2FA00970396CDE9015469464846BC
:103BB000FEF7EAFA8020009001AA112082E8510065
:103BC00069465046FEF7E0FA002205210720FEF77D
:103BD0007FFC0720FEF76EFC06B0BDE8F087000012
:103BE0000010024000100140000C0140000801409C
:103BF00000001110104810B50E4901604FF4827199
:103C0000416000218160C1604FF400720161C0E930
:103C100005123822C0E90721416281620A21C1628E
:103C2000FEF7E6FF002803D0BDE81040FDF7D2BD47
:103C300010BD0000003800406402002010B586B0BE
:103C400000241648009401940294039404944FF0C5
:103C500080410594C0E900144FF6FF71C0E90241AC
:103C600004618461FFF790F908B1FDF7B3FD4FF4EB
:103C70008050009069460948FFF706FA08B1FDF741
:103C8000A9FD049404A905480594FFF73FF900280D
:103C900001D0FDF79FFD06B010BD0000BC02002062
:103CA00010B58AB0002407941C2168460894FCF7DC
:103CB000D0FB1B48194901600321C0E9011440F2FF
:103CC0008331C0E9031480218161FFF772FB08B1E1
:103CD000FDF780FD079407A911480894FFF716F92E
:103CE00008B1FDF777FD6020CDE9000402940022C1
:103CF00069460B480494FFF7F6FA08B1FDF76AFD30
:103D0000042269460648FFF7EEFA08B1FDF762FDA6
:103D10000348FFF7C1FA0AB010BD000000040040DC
:103D2000040300200C4810B50A4901604FF4E1314A
:103D30004160002181600C22C160C0E904128161F0
:103D4000C161FFF7CBFC002803D0BDE81040FDF7B0
:103D500041BD10BD003801404C0300200C4810B597
:103D60000A4901604FF4E1314160002181600C2279
:103D7000C160C0E904128161C161FFF7AFFC002896
:103D800003D0BDE81040FDF725BD10BD0044004044
:103D9000940300200C4810B50A4901604FF41651F5
:103DA0004160002181600C22C160C0E90412816180
:103DB000C161FFF793FC002803D0BDE81040FDF778
:103DC00009BD10BD00480040DC030020FEE70000F4
:103DD00008B500F017FE014600204FF416530246C6
:103DE000009003F03FFF03F029FE00BF03F07AFFCD
:103DF000012005F055F9F9E70F4800B5816985B054
:103E000041F0080181618069694600F00800049072
:103E1000C020009011200190012002900320039007
:103E20000648FEF7B1F9012000F0A6F8012000F0E5
:103E3000B1F805B000BD000000100240000C0140C8
:103E400080210148FEF79CBA000C014010B501200A
:103E500000F0A0F8022003F073FC012000F08CF8C1
:103E6000052003F06DFCFFF7EBFF0446002000F097
:103E700083F8022003F064FC204610BD70B50025D5
:103E8000012000F087F800248026012000F074F85B
:103E9000052003F055FCFFF7D3FF012802D126FAD5
:103EA00004F00543002000F067F8022003F048FC0E
:103EB000641CE4B2082CE8D3284670BD10B500F0AD
:103EC00069F8022003F03CFC012000F055F80520C1
:103ED00003F036FC002000F04FF8BDE8104002204F
:103EE00003F02EBC70B500240546802626FA04F0A7
:103EF000284000F04FF8022003F022FC012000F0DF
:103F00003BF8052003F01CFC002000F035F80220EF
:103F100003F016FC641CE4B2082CE7D370BD10B5A6
:103F2000012000F037F8052003F00AFC012000F022
:103F300023F8052003F004FC002000F02BF80520F6
:103F400003F0FEFBBDE81040002000F015B810B5EE
:103F5000002000F01FF8052003F0F2FB012000F024
:103F60000BF8052003F0ECFB012000F013F8BDE88E
:103F70001040052003F0E4BB10B502464021044880
:103F8000FEF703FABDE810400A2003F0D9BB000099
:103F9000000C014010B5024680210448FEF7F5F9F7
:103FA000BDE810400A2003F0CBBB0000000C01402C
:103FB00070B515460E460446FFF7B1FF2046FFF7E1
:103FC00091FFFFF743FF58B93046FFF78BFFFFF72C
:103FD0003DFF28B92846FFF785FFFFF737FF18B1E7
:103FE000FFF7B5FF012070BDFFF7B1FF002070BDE6
:103FF000084938B1012807D0022807D0032807D084
:104000000548704708687047486870478868704777
:10401000C8687047C8000020000080BF7FB501A9B4
:104020006846FDF795FA0D4C0D4D60B12560656051
:1040300002A8FDF721FB58B1A56003A801F050FCD0
:1040400048B1E5607FBD0098206001986060EFE7AF
:104050000298A060F1E70398E0607FBDC8000020EF
:10406000000080BFFEE70000F0B5194C9DB0694626
:10407000204600F00DFE174F05460EA9384600F009
:1040800007FE154E35B118B10F990198884202D339
:104090006D4602E068B10EAD3C4605F10C0000F043
:1040A00003FD00F067FC74606868401CB0601DB0E0
:1040B000F0BD0AA1012004F0A5FE0020B06020465A
:1040C00001F08AFB0028F2D00120C6E90140EEE7AA
:1040D00000F0000800F80008DC0000204E565320D5
:1040E000656D7074792C20757365206465666175E3
:1040F0006C7420706172616D7320616E64207361F5
:104100007665000070B500F0A9FD104C10B11420C8
:10411000208070BD20880028FBD0401E0004000CC9
:104120002080F6D10A4D6068A84200D1094D28468A
:1041300001F052FB0028ECD06560A26806A1521C79
:10414000A260BDE87040012004F05CBEDC000020ED
:1041500000F8000800F000084E56532073617665A1
:1041600064207365713D25640000000010B50021D6
:10417000074C0A46002004EBC1131A54401CC0B27D
:104180008028FAD3491CC9B20829F3D310BD000016
:10419000805C0020F0B50B4424E0044685181DE047
:1041A0007F2C19D8002917DB3F2915DCCE1701EB2E
:1041B00056764FEAE60C0D4F26F0070607EBCC17B4
:1041C0002744A1EB060E97F800C0012606FA0EF66A
:1041D0002CEA060C87F800C0641C24B2A542DFDC80
:1041E000491C09B28B42D8DCF0BD0000805C002085
:1041F00010B5AE2000F048FAD52000F045FA802036
:1042000000F042FAA82000F03FFA3F2000F03CFA0C
:10421000D32000F039FA002000F036FA402000F0F8
:1042200033FAA12000F030FAC82000F02DFADA208D
:1042300000F02AFA122000F027FA812000F024FA78
:10424000CF2000F021FAD92000F01EFAF12000F072
:104250001BFADB2000F018FA302000F015FAA42039
:1042600000F012FAA62000F00FFA8D2000F00CFAF0
:10427000142000F009FAAF2000F006FAFFF776FFED
:10428000BDE8104000F0ECB9032803D202490870E1
:10429000FFF76CBF704700001C01002010B54FF401
:1042A00000710C48FEF76CF80B4910B10020487003
:1042B00010BD48780028FBD10120487008780322FF
:1042C000401CB0FBF2F302FB13000870BDE8104085
:1042D000FFF74CBF001001401C01002010B5094C35
:1042E000207848B101280AD005F016FF00F0B8F98F
:1042F0006068801C606010BD05F086FEF6E705F082
:10430000EBFDF3E71C0100200246012000E05043D2
:10431000491EFCD2704710B50C4640F0B00000F0CA
:10432000B3F9102040EA141000F0AEF904F00F00C9
:10433000BDE8104000F0A8B908B5064B02EB4202F8
:1043400003EB4202C03A00920823062200F062F812
:1043500008BD000060BB01082DE9FF5F82B0144674
:104360001D46DDE911B706460022134620462946C0
:10437000DDF840A0FCF714FB3B4605D82B22304665
:104380000399FFF7D9FF06E02D2230460399FFF786
:10439000D3FF85F0004520462946FCF7D5FA814633
:1043A000FCF798FA22462B46FCF711FA0C46054614
:1043B00059460A20FFF7A8FF8046FCF78BFA2A46E9
:1043C0002346FCF707FA05F03DFDFCF7BDFAB0FB0C
:1043D000F8F1054601EB0902B01D5346009700B203
:1043E000039900F075F80AEB4A0006EB4004A01DA3
:1043F00000B23B462E220399FFF79EFF0C3420B2F9
:104400005B462A460097039900F062F806B0BDE8C3
:10441000F09F00002DE9F04F1F4616460D468246DC
:104420000024FFF7B7FE7F1EF81707EB507001213D
:10443000DFF898B001EBE00743E000203DE000BF6B
:104440000AEB00037F2B36D8E91705EB5171CA1030
:1044500021F00701691A002D03DA521E083112B249
:1044600009B202EB0409B9F1070F0ED8099A04FB4F
:1044700006F802440BEBC91E18F802201EF803C010
:104480008A404CEA020C0EF803C009F10102072A27
:1044900011D80BEBC91202EB0308099A04FB06FCC6
:1044A000024498F880301CF80220C1F10801CA408B
:1044B000134388F88030401CC0B2B042C0D3641CA3
:1044C000E4B2A742B9DCBDE8F08F0000805C0020B8
:1044D0002DE9F04700241D4616468A4680460A27E5
:1044E000DDF8209016E0291B0A20491EFFF70CFF7B
:1044F000B6FBF0F0B0FBF7F107FB110204EB44014F
:1045000008EB410000B24B4651463032FFF714FF32
:10451000641CE4B2AC42E6D3BDE8F0872DE9FF4F5E
:10452000002483B0904683462546A246DFF82891B2
:104530008AE010060ED48DF80420641C8DF805A0C6
:104540000BEB0500A4B200B2069B0499FFF7F4FE42
:10455000AD1D78E00620B0EB521F0ED1641CA0B256
:104560008DF8042018F80010002972D08DF805107D
:10457000401C84B28DF806A03CE00E20B0EB121F68
:1045800016D1641CA0B28DF8042018F80010002980
:104590005FD0401C80B28DF8051018F8001000297B
:1045A00057D08DF80610401C84B28DF807A021E08A
:1045B0001E20B0EBD20F1FD1641CA0B28DF80420D6
:1045C00018F80010002944D08DF80510401C81B265
:1045D00018F8010000283CD08DF80600491C88B26C
:1045E00018F80010002934D0401C8DF8071084B250
:1045F0008DF808A0002609E0641CA4B224E0384627
:1046000001A9FBF742FF68B1761CB6B206EB860043
:1046100000EB461101EB0900074610A1FBF735FF3F
:104620000028ECD106EB860000EB461101EB0900F7
:10463000401D00900BEB0500102300B21A460499B0
:10464000FFF7E8FE1035ADB218F80420002A7FF419
:1046500070AF07B0BDE8F08F9ABD01080000000000
:1046600070B5084D002400212046FFF754FE05EBED
:10467000C410802100F00DF8641CE4B2082CF2D3C1
:1046800070BD0000805C0020024600217820FFF70A
:104690008FBC70B50D460646FFF741FC7820FFF74A
:1046A00021FCFFF7D3FB4020FFF71CFCFFF7CEFBFC
:1046B000002406E0305DFFF715FCFFF7C7FB641C24
:1046C000E4B2AC42F6D3BDE87040FFF740BC000056
:1046D00010B50C4C2078002812D0FDF75BFE616805
:1046E000401AC8280CD3BFF34F8F07480168074A08
:1046F00001F4E06111430160BFF34F8F00BFFDE79C
:1047000010BD0000B40000200CED00E00400FA052C
:10471000F0B52B4D8FB02946152206A8FBF780FE79
:10472000284806990024814218D00690264800683F
:104730002649884201D1422000E041208DF81D0029
:10474000412828D05FF041008DF81E00ADF81F40D1
:10475000CDF82140CDF82540CDF8294001278DF82E
:104760001C70DDF8290006AE401CCDF829000D9420
:10477000FDF7E0FCCDE904570DA902A80294FDF76E
:104780003BFC0024611C305D152906D231194978A3
:1047900040EA012203E04220D6E740F47F420023B2
:1047A00061190120FDF786FCA41C152CEAD3FDF746
:1047B00077FCFDF7EFFD064948600F700FB0F0BDC4
:1047C000003000085346544208ED00E000020208A1
:1047D000B400002000210160416081608161C161FD
:1047E000016201637047002181608161C1610162E2
:1047F000016370472DE9F04104468069E061D4E926
:1048000000104FF40005DFF8CC80FBF7BAFEA06182
:10481000616AA068FCF702F902D8A069A84207DA29
:10482000A16AA068FCF7F0F804D8A069404501D35C
:10483000012000E00020216911F0FF4F01D010B1EC
:1048400013E0002010E0A169206AFBF748FE206217
:10485000616BFCF7E3F801D2606B2062A16B206A08
:10486000FCF7D2F801D2A06B2062216B6068FBF7E5
:1048700088FE6169FBF78BFE0646216A2069FBF71B
:1048800086FE0746A169E068FBF781FE3946FBF723
:1048900026FE3146FBF775FEA060A84203DBE16A05
:1048A000FBF71DFEA060404503D3E16AFBF769FEFC
:1048B000A060616AFCF7B2F801D2606AA060A16AE8
:1048C000A068FCF7A1F801D2A06AA060606820632C
:1048D000BDE8F0810000808070B5054602F043FA23
:1048E0000F4CA0B1284602F03EFA042812D0284608
:1048F00002F039FA082820680FD0006C642180B2D9
:104900004843E168491CB0FBF1F0C0B270BD2068BB
:10491000406BF3E72068806BF0E7C06BEEE70000C8
:104920000403002070B50646642900D96421104CA8
:10493000E068401C48436421B0FBF1F085B230468A
:1049400002F011FA60B1304602F00DFA04280AD0E4
:10495000304602F008FA0828206807D0056470BDC8
:104960002068456370BD2068856370BDC56370BDF8
:10497000040300200149002048707047D80000203F
:104980000148406970470000145C00200148406AFB
:1049900070470000145C00200148006A7047000066
:1049A000145C00200148806870470000145C0020FF
:1049B0000148406870470000145C0020014800680E
:1049C00070470000145C00200148C0697047000077
:1049D000145C00200148806970470000145C0020CE
:1049E0000148006970470000145C0020014890F8FD
:1049F00028007047145C00202C220149FBF710BDF1
:104A0000145C0020014890F829007047145C0020D5
:104A10000148C06870470000145C002070B5174C56
:104A20004FF0824017492060154860604007C4E994
:104A300002011549C4E904101448A0611448E0615A
:104A40001448206214486062002684F8286004201C
:104A500084F829001148FFF7BDFE104D1048C5E944
:104A60000906EE626168FBF7C4FD686380F00040F0
:104A70000C49A8630120087070BD0000145C002080
:104A80009A99993E0000C841000048420000FA444B
:104A900000007A440000F04100007041D85B002023
:104AA0000000C842D800002010B501462C2203485F
:104AB000FBF7B6FC02490120087010BD145C002011
:104AC000D800002010F1FF4F00D3002002494861B8
:104AD0000249012048707047145C0020D800002073
:104AE000024948620249012048707047145C002066
:104AF000D80000200249086202490120487070472E
:104B0000145C0020D800002003498860034901207C
:104B10000870487070470000145C0020D800002026
:104B2000034948600349012008704870704700003D
:104B3000145C0020D80000200349086003490120CC
:104B40000870487070470000145C0020D8000020F6
:104B50000249C8610249012048707047145C002076
:104B6000D80000200249886102490120487070473E
:104B7000145C0020D8000020074910F1FF4F01D33A
:104B8000002002E0884200DD08460449086104492B
:104B900001204870704700000000C842145C0020EB
:104BA000D8000020022800D90220034981F82800FB
:104BB0000249012048707047145C0020D800002092
:104BC000034981F82900034901204870704700001B
:104BD000145C0020D80000200349C860034901206C
:104BE0000870487070470000145C0020D800002056
:104BF00070B516480178002926D000210170144CA8
:104C0000144D2068E86061682961A0686861E06807
:104C10002860686AFBF7EDFC686380F00040A863D9
:104C20000D4DA069A860E169E960FBF758FC686078
:104C3000206AE861616A2962FBF751FCA861BDE85E
:104C400070400448FFF7CFBD70BD0000D8000020C1
:104C5000145C0020D85B0020EC0000200448417860
:104C600019B10021417001207047002070470000F9
:104C7000D8000020024601210148FCF788BE000050
:104C8000000C014001210148FCF77ABE000C0140F4
:104C900010B50C46014638222046FBF7C1FB2088A0
:104CA000A0F52541A5390AD12089012807D12C2159
:104CB00004F10C00FCF724FD6188884201D000203B
:104CC00010BD012010BD0000032801D30020704753
:104CD0000149085C70470000E800002000200449FA
:104CE00002460A54401CC0B20328FAD370470000A1
:104CF000E80000202DE9F05F1A4E002582464FF0B3
:104D00000109AB46A6F1040805EB850006EB80041B
:104D1000E17C012920D136F820005146884707461A
:104D200010F1814F18D0A168FBF76EFE0BD2A07C6A
:104D30000FE0227C08F802900EE002280CD1227CC1
:104D400008F802B008E038466168FBF767FE03D256
:104D5000607C0128F1D1ECE76D1CEDB2022DD3D3BC
:104D6000BDE8F09FEC00002070B50B4C0546A06834
:104D7000002810D04FF0FF3104F07EFA00280AD14D
:104D80002B4606A21821064801F00EFBA068BDE8DC
:104D9000704004F0CEBA70BDBC0000202573000046
:104DA0006457002010B500226021102004F004FA9E
:104DB000034C6060002004F088FAA06010BD000081
:104DC000BC0000202DE9F04FAFB01822594925A8AA
:104DD000FBF726FB584D686800287DD0A86890B185
:104DE0004FF0FF3104F048FA68B9544C207838B1DC
:104DF000234653A2182125A801F0D6FA00202070DE
:104E0000A86804F096FA2BAE1024FDF7C3FA4D49BA
:104E10003C22B0FBF1F34EF66021B0FBF1F1B1FBA7
:104E2000F2F702FB17114FF47A77B0FBF7F0B0FB03
:104E3000F2F702FB1700CDE9001043A221463046ED
:104E400001F0B2FA0024FFF7D1FD012802D00228B8
:104E500002D002E0012400E002240020FFF7C8F89D
:104E600010F1814F01D144F00404FEF796FD08B122
:104E700044F00804FFF706FF08B144F0100400F006
:104E800079FD022802D0032803D004E044F0200476
:104E900001E044F04004FFF7A9FD012845D00228B5
:104EA00045D02EA00190FCF753FD00900320FFF7A2
:104EB0009FF8FBF762FD82468B460220FFF798F8C9
:104EC000FBF75BFD814688460120FFF791F8FBF771
:104ED00054FD06460F4600E024E00020FFF788F866
:104EE000FBF74BFDDFF87CC002460B469CF800C088
:104EF000019825A9CDE90A040C91CDF824C00098A9
:104F00008DE8CC02CDE907B0CDE9058A2BAB16A21E
:104F100060210DA801F048FA00231A460DA968681F
:104F200004F076F92FB0BDE8F08F1AA0BAE71BA005
:104F3000B8E7000048BB0108BC000020645700200F
:104F40002573000080EE36005B2530326C753A2503
:104F500030326C753A2530326C755D004155544FD6
:104F6000000000000800002025732C252E31662C3F
:104F7000252E31662C252E30662C252E31662C25CB
:104F8000752C25752C25732C3078253034582C251C
:104F9000730D0A004D414E55414C00005354414E93
:104FA000444259009AB000244FF47A7501223BA183
:104FB0003B4803F06DFA020009D024B939A103205F
:104FC00003F020FF0124284604F06AF8EEE73DA133
:104FD000012003F017FF02E0284604F061F804F016
:104FE0000FF80028F8D03A4C3AA10120628803F06B
:104FF00009FF42F210794FF0000A3D4F00254FF4AF
:10500000C0684B4600226946606804F0A3F868B99E
:105010006846FBF733FA86B2781932466946FBF7E1
:10502000FFF9354405F160004045EAD9002DE4D090
:105030003048D0F80C022844B0F5002F05D92D488F
:1050400003F0CEF884F800A001E0207810B903F056
:10505000D7FFA8B184F801A0564618AB2A462449C8
:105060002448CDF860A003F06DFB020012D022A10D
:10507000032003F0C7FE1F4803F0B2F82670BCE718
:1050800060780028B9D122A1032003F0BBFE0120E3
:105090006070B2E7174803F0F9FAAEE7303A000063
:1050A0007C5700207364206D6F756E742066616993
:1050B0006C3A2025752C207265747279696E672EA2
:1050C0002E2E00007364206D6F756E746564000091
:1050D000BC0000207364206C6F672066696C653AC1
:1050E000204C4F47253035752E43535600000000A5
:1050F00064510020AC5900207364206C6F672077E6
:1051000072697465206661696C3A2025750000003B
:105110007364206C6F672072656F70656E206661C6
:10512000696C000001B582B0FF208DF80400642096
:105130000090012301AA02A90448FDF7EDFD10B17A
:105140000349012048709DF804000EBD6402002050
:105150003401002010B5044602E0FF20FFF7E2FF13
:10516000641EFAD210BD000001484068704700007C
:10517000340100202DE9F84F6420FCF72BFF5C4F31
:105180000020787001225B4C150329462046FDF76C
:10519000FCF85020FFF7DEFF002229462046FDF7ED
:1051A000F4F829462046FDF7EBF848B152A1032058
:1051B00003F028FE012229462046FDF7E6F818E014
:1051C00095220021402000F001FA064601222946DE
:1051D0002046FDF7DAF8012E0ED0787820B151A1E3
:1051E000032003F00FFE04E032465CA1032003F02D
:1051F00009FE0120BDE8F88F00222946A14620467D
:10520000FDF7C3F887224FF4D571482000F0DEF98E
:10521000012806D0012229464846FDF7B6F80120AC
:105220001EE000246E46FF20FFF77CFF3055641C13
:10523000E4B2042CF7D3012229464846FDF7A5F82D
:105240009DF80220012A03D19DF80300AA2806D068
:105250009DF8033048A1032003F0D4FDC9E70220E4
:105260003870B8464FF480164FF0804A4F460022FF
:1052700029463846FDF789F80120FFF76BFF012228
:105280000021772000F0A2F90446012809D898F8F7
:105290000000022814D000210122692000F096F9B4
:1052A0000446012229463846FDF76FF854B1761EB0
:1052B000DDD1224638A1032003F0A4FD022099E7A6
:1052C0005146E9E73D4801680A6822F040020A6059
:1052D00001680A6822F038020A600068016841F03B
:1052E0004001016000F0B2F8C8F80400002081E736
:1052F00034010020000C014073643A2043532070B5
:10530000696E20737475636B20484947482C20638D
:10531000617264206E657665722073656C65637476
:105320006564210073643A205350492068772066F1
:1053300061696C2C2048414C2072657475726E65F1
:1053400064206572726F72202853504932206E6F4C
:105350007420776F726B696E6729000073643A205E
:10536000434D4430206661696C2C2052313D3078C9
:10537000253032580000000073643A20434D443811
:10538000206563686F206661696C3A202530325869
:10539000202530325800000073643A2041434D44C8
:1053A00034312074696D656F75742C206C61737471
:1053B0002052313D30782530325800006402002000
:1053C0002DE9F041DFF880800C4605464FF4805609
:1053D000002231464046FCF7D8FF0120FFF7BAFE15
:1053E00001222146512000F0F1F838B10122314666
:1053F0004046FCF7CAFF0120BDE8F081FF20FFF71F
:1054000091FEFF28FAD0FE2806D001223146404600
:10541000FCF7BBFF0220EFE700244FF40077FF20EA
:10542000FFF780FE2855641CA4B2BC42F7D3FF20CE
:10543000FFF778FEFF20FFF775FE01223146404658
:10544000FCF7A3FF0020D7E7000C01402DE9FF4146
:10545000304E4FF48055002229463046FCF795FF28
:105460000120FFF777FE01220021492000F0AEF86D
:1054700030B9FF20FFF756FEFF28FAD0FE2808D0EB
:10548000012229463046FCF780FF002004B0BDE829
:10549000F08100246F46FF20FFF744FE3855641C5E
:1054A000E4B2102CF7D3FF20FFF73CFEFF20FFF7FC
:1054B00039FE012229463046FCF767FF9DF80000BF
:1054C0000221B1EB901F0DD89DF807009DF8081040
:1054D000000440EA01209DF809100843800200F50D
:1054E0008060D3E79DF806009DF807108007000D47
:1054F00040EA81009DF808109DF80A2040EA9110CA
:105500009DF80910401C8907490F41EAD211891CF6
:105510008840BBE7000C01402DE9F047DFF8A8A068
:1055200017460C4606464FF480590022494650461D
:10553000FCF72BFF0120FFF70DFE01222146522030
:1055400000F044F838B1012249465046FCF71DFFEF
:105550000120BDE8F08700254FF4007820E0FF200F
:10556000FFF7E0FDFF28FAD0FE2806D001224946C9
:105570005046FCF70AFF0220EBE70024FF20FFF76C
:10558000D1FD04EB4521641CA4B270544445F5D30D
:10559000FF20FFF7C7FDFF20FFF7C4FD6D1CADB274
:1055A000BD42DCD30120FFF7D5FD012200214C20B4
:1055B00000F00CF8FF20FFF7B5FD012249465046E8
:1055C000FCF7E3FE0020C4E7000C01407CB56D460B
:1055D0008DF80000080E8DF80100080C8DF802000F
:1055E000080A8DF8030001208DF8041000EB42003A
:1055F0008DF805000024285DFFF794FD641CE4B2DB
:10560000062CF8D30024FF20FFF78CFD010603D5FC
:10561000641CE4B2082CF6D37CBD00002DE9F041F7
:10562000DFF898800C4606464FF480550022294644
:105630004046FCF7AAFE0120FFF78CFD012221461F
:105640005820FFF7C3FFC0B9FE20FFF76BFD002411
:10565000EF10305DFFF766FD641CA4B2BC42F8D3C6
:10566000FF20FFF75FFDFF20FFF75CFDFF20FFF746
:1056700059FD00F01F00052807D0012229464046A9
:10568000FCF783FE0120BDE8F0814FF4801401E0B7
:10569000641E0BD0FF20FFF745FDFF28F8D1012243
:1056A00029464046FCF771FE0020ECE7012229461E
:1056B0004046FCF76AFE0220E5E70000000C0140CE
:1056C0002DE9F04115460E46074600240AE031193F
:1056D00007EB4420FFF7A2FF10B10120BDE8F081E5
:1056E000641CA4B2AC42F2D30020F7E7F8B515462B
:1056F0000E460B46009204460122022100F010F8EB
:1057000040B93346002280212046009500F008F879
:10571000002804D0606D40F0200060650320F8BDD3
:105720002DE9F8431E46914688460446089DFCF73D
:1057300031FE401B351AFCF72DFE07462548006850
:10574000C0F3CB30684338E0701C37D0FCF722FE42
:10575000C01BA84203D215B1009860B32CE02068AA
:10576000416821F0E00141606068B0F5827F0BD1B3
:10577000A068B0F5004F02D0B0F5806F04D120686A
:10578000016821F040010160A06AB0F5005F09D115
:105790002068016821F4005101602068016841F42B
:1057A00000510160012084F85100002084F850006D
:1057B0000320BDE8F8830025401E00902068816822
:1057C00038EA010004D000214945BDD10020F0E7AE
:1057D0000121F9E72C000020F0B5A1B005464AF2FE
:1057E000A550ADF800002248002401260E94ADF823
:1057F00008608068019003A80746FFF7FDF82C2198
:105800003846FBF77DFFADF8020072B6FCF792FC5C
:105810000F94CDE911560EA90FA8FCF7EDFB0E98D9
:10582000401C05D0FCF73CFC62B612A10E9A19E0B0
:105830006E46002405EB440136F8142000230120B5
:10584000FCF738FC641C1C2CF4D3FCF729FC62B672
:1058500013A92846FFF71CFA10B1012021B0F0BDB2
:105860002A460BA1032003F0CDFA0020F6E7000042
:10587000DC0000204E56532065726173652066611E
:10588000696C6564206174203078253038580000D8
:105890004E56532073617665206661696C6564209D
:1058A0006174203078253038582C206B6565702065
:1058B0006F6C6420726567696F6E00000020064A95
:1058C000014600BF22F81010401CC0B20828F9D3CE
:1058D0000248017070470000806000203C010020F9
:1058E00070B505461E48FCF733FA0A211C48FCF740
:1058F00091F91B48FCF7CEF81B4C1A4E217826F87C
:1059000011001748FCF784FA20780022401CC0B22E
:105910002070082800D322700020014636F811308C
:10592000491CC9B218440829F8D3C0F3CF00B0F518
:105930007A6F01D32A6011E040F2DC510B4C8842AF
:1059400001D82C600AE0C0F57A60FAF7B5FF084983
:10595000FAF74FFE2146FAF71AFE2860002070BDC4
:1059600034020020806000203C0100200000C8427A
:1059700000401C45014800787047000024010020C9
:1059800003480021017081804170817070470000E0
:105990002401002004480078022803D0032801D005
:1059A000002070470120704724010020FFF7E8BF66
:1059B00070B51E4C064601202178002531B1012921
:1059C0000CD0022923D003292ED12CE01E2E1CD965
:1059D0002070FCF737FAA060A58016E01E2E08D9CB
:1059E000A088401CA080FCF72DFAA168401A052869
:1059F00001D3257009E0A0881E2806D3607808B17D
:105A0000032000E0022020700CE0A6700CE0A188CA
:105A1000491C89B2A180642905D360702070FCF70D
:105A200011FAA060A580A570A07870BD24010020A7
:105A300086B000224FF480712548FCF7A6FC25A112
:105A4000012003F0DFF9FEF7D7F9FEF7D1FBFBF7F2
:105A500043FDFBF701FEFFF731FFFCF7F9F9FFF714
:105A60008FFFFBF767FEFEF781FB232003F018FB97
:105A700002A8FBF701FE0298FAF77FFF02460B46E9
:105A800016A1012003F0BEF903A8FFF729FF039830
:105A9000FAF773FF02460B4613A1012003F0B2F997
:105AA00005A904A8FBF754FD0598FAF766FF04461C
:105AB0000D460498FAF761FF02460B460EA101203D
:105AC000CDE9004503F09EF9642003F0E9FAFBE715
:105AD0000008014072756E696E6700004C69676866
:105AE000743A202566200A004D6F697374757265DB
:105AF0003A202566200A000054656D706572617455
:105B00007572653A2025662C2048756D6964697444
:105B1000793A202566200A000A4C4FF0FF354FF4F1
:105B2000FA762946606903F0A7FBFEF777FA606909
:105B300003F0FFFBFBF712FFFFF744F9304603F0D9
:105B4000AFFAEEE70800002003F0CEFA4FF00009AC
:105B500007464C464D46FEF761FFFEF785FADFF833
:105B60003081CB46DFF82CA104F058FBFEF73EFF56
:105B70000646FFF73DF8FEF7C5FAFEF7A9FDA64277
:105B80000CD03446FFF7AAF84148FEF72CFE012E50
:105B900026D0022E28D040A0FFF7E6F846B3012E0B
:105BA00008D000BF8AF800B00020FDF7EFFE00200B
:105BB000FFF760F89AF80000FFF7FAFEFBF7BAFE6D
:105BC000FFF7E8FEFBF794FDFFF7D4FEA84259D09B
:105BD000054602284FD003284FD0002D4FD051E06A
:105BE00030A0FFF7C1F8E5E731A0FFF7BDF8D9E72E
:105BF00009F1010000F0FF09B9F1050F14D34FF0CE
:105C000000092F48FFF776F80120FFF75DF801281B
:105C100000D00020FDF7BAFE0220FFF755F801285A
:105C200000D00020FFF726F80020FEF7E1F9064635
:105C300010F1814F11D0FEF7A3FED8F80010FAF74B
:105C4000A3FC3146FAF7EAFE09D21148FEF7CBFD74
:105C50004FEA0B018AF80010ACE71E21FAE70C4866
:105C6000C8F80460FEF7C6FDD8F80800FAF758FE39
:105C70008AF800009EE713A002E015A000E019A03A
:105C8000FFF772F86437384603F017FA6CE7000044
:105C9000D85B0020080000204D4F44455F4155541B
:105CA0004F0000004D4F44455F4D414E55414C0063
:105CB0004D4F44455F5354414E444259000000004B
:105CC000F13F010846414E5F5354414C4C000000E7
:105CD00046414E5F5354414C4C5F534556455245E7
:105CE0000000000046414E5F5354414C4C5F434C12
:105CF0004541520000240B4D661E3146686903F091
:105D0000BBFAFEF7CBFA641CE4B2052C02D30024E4
:105D1000FEF7E4FA686903F00CFB642003F0C0F9B5
:105D2000EBE700000800002010B54FF0E02000690C
:105D300005F03AFC012803D0BDE8104004F0E2BFB2
:105D400010BD30B595B028216846FAF782FB1421C2
:105D50000AA8FAF77EFB18210FA8FAF77AFB0121AF
:105D60000804CDE900100025029502240491CDE934
:105D700007404FF4E01009906846FCF7A9FD08B110
:105D800072B6FEE70AA90F2081E831004FF4806067
:105D9000CDE90D0502210AA8FCF79EFC08B172B6F8
:105DA000FEE74FF4004011900F940FA8FCF71EFC83
:105DB000002801D072B6FEE715B030BD7047000074
:105DC0000148FDF7D0B90000BC0200200148FDF7F2
:105DD000CAB9000024040020F0B50268204C214D0F
:105DE000214E224F224B4FF0804CA04209D09842C6
:105DF00007D0604505D0A84203D0B04201D0B842D8
:105E000004D122F0700E4A6842EA0E02A04209D084
:105E1000984207D0604505D0A84203D0B04201D0D7
:105E2000B84203D122F44075CA682A434D6922F072
:105E300080022A4302608A68C2620A688262A042C3
:105E400001D0984201D109690163012141610169D1
:105E5000C90703D0016921F001010161F0BD000013
:105E6000002C01400004004000080040000C0040ED
:105E70000034014010B5846842EA032224F47F44D0
:105E80000A432243826010BD826822F070020A43F6
:105E900042F0070181607047F0B5036A026A22F0A0
:105EA0000102026242688469124E24F073050C6894
:105EB0002C4323F002058B682B430D4DA84201D0E3
:105EC000B04205D123F00807CB683B4323F004031D
:105ED000A84201D0B04205D14D6922F44072154369
:105EE0008A692A4342608461496841630362F0BD64
:105EF000002C014000340140F0B5026A036A23F02F
:105F000010030362436884690D6824F4E64444EA9C
:105F100005248D6822F0200242EA05120F4D104E32
:105F2000A84201D0B04206D1CF6822F0800242EAF6
:105F3000071222F04002A84201D0B04207D14D69B9
:105F400023F4406343EA85038D6943EA8503436094
:105F50008461496881630262F0BD0000002C014049
:105F600000340140F0B5026A036A23F480730362CF
:105F70004368C46922F4007224F073050C68124E61
:105F80002C438D6842EA05220E4DA84201D0B04252
:105F900006D1CF6822F4006242EA072222F480622E
:105FA000A84201D0B04207D14D6923F4405343EADF
:105FB00005138D6943EA05134360C4614968C163F1
:105FC0000262F0BD002C01400034014030B5046A8B
:105FD000026A22F4805202624268C3690D6823F4A7
:105FE000E64343EA05238D6824F4005444EA05346B
:105FF000084DA84202D0084DA84204D14D6922F4B0
:10600000804242EA85124260C361496801640462C9
:1060100030BD0000002C01400034014010B5036A7F
:10602000046A24F001040462846924F0F00444EA60
:10603000021423F00A020A438461026210BD10B503
:10604000036A046A24F010040462846923F0A00344
:1060500024F4704444EA023243EA0111826101628D
:1060600010BD10B5406A0021C185C184FDF7FEF95D
:1060700010BD01680C3151E8002F22F4907241E804
:106080000023002BF5D10168143151E8002F22F0D4
:10609000010241E80023002BF5D1016B012909D150
:1060A00001680C3151E8002F22F0100241E8002372
:1060B000002BF5D1202180F84210002101637047A8
:1060C00008B590F84210222901D0022008BD82684C
:1060D0004FF480539A4201D1016921B1816A9A42F9
:1060E0001BD04AB10AE00268816A5268C2F3080212
:1060F0000A80816A891C08E0026972B102685268EC
:1061000002F07F020A70816A491C8162C18D491EBA
:106110000904090CC18503D01BE002685268F1E74D
:106120000168CA6822F02002CA600168CA6822F4C5
:106130008072CA6001684A6922F001024A61202126
:1061400080F8421000214163026B012A03D0FDF761
:106150009FFB002008BD016301680C3151E8002F4E
:1061600022F0100241E80023002BF5D101680A68F3
:10617000D20602D50A6849680091818DFDF775F94C
:10618000E7E7000070B5044600680169E26821F4A1
:106190004051114301612169A068084361690843C6
:1061A0002168CA6841F20C639A430243CA602068BE
:1061B0004169A26921F44071114341611E4920687F
:1061C000884202D1FCF74EFB01E0FCF73BFB00EB01
:1061D000C00101EB0012606864218000B2FBF0F3A3
:1061E000B3FBF1F36FF018067343B2FBF0F5B2FBAB
:1061F000F0F605EB8305322303EB0515B5FBF1F54E
:10620000B6FBF1F605F0F00505EB0615B2FBF0F66E
:10621000B2FBF0F0B0FBF1F06FF01802504306EB68
:10622000800003EB0010B0FBF1F0216800F00F00DC
:106230002844886070BD000000380140816282857A
:10624000C28500214164222180F84210016921B1F8
:106250000168CA6842F48072CA6001684A6942F003
:1062600001024A610068C16841F02001C16000205C
:1062700070472DE9F843984617460D460446089E98
:1062800024E0701C22D0FCF785F8A0EB0800B04297
:106290001AD8CEB12068C168490717D5802D15D00E
:1062A000402D13D00168C94309070FD401680025A8
:1062B000406800902046FFF7DCFE0820606484F808
:1062C00040500120BDE8F8830320FBE72068006808
:1062D00035EA000004D00020B842D2D00020F1E717
:1062E0000120F9E70148FDF7C3B800004C03002086
:1062F0000148FDF7BDB800009403002004F0DEB8AB
:1063000010B5FEF737FF06490028087804D040F0A2
:1063100001000870087810BD20F00100F9E70000C6
:106320000A02002070B51446002531B1012906D0BB
:10633000022908D003290AD00425284670BDFEF79B
:1063400013FF2060F9E74FF400701080F5E701209B
:106350001060F2E710B514460846012B07D09AB238
:106360002146FFF7D9F8002800D0012010BD1146C2
:10637000FFF726F8F7E700000148007870470000B3
:106380000A02002010B514460846012B07D09AB225
:106390002146FFF795F9002800D0012010BD1146D5
:1063A000FFF73CF9F7E7FEE70FB41CB50246002003
:1063B00007AC00290BD0491ECDE90021054B6A46E8
:1063C0002146069800F018F9009A002111701CBCB3
:1063D0005DF814FB276D01087CB5044600201D46BE
:1063E000164600290BD0491ECDE90041044B6A46F0
:1063F0002946304600F000F9009A002111707CBD5A
:10640000276D01080907090E002804DB00F1E020D0
:1064100080F80014704700F00F0000F1E02080F8D1
:10642000141D704700487047300200200148006882
:10643000704700003002002002E008C8121F08C1A7
:10644000002AFAD170477047002001E001C1121FF5
:10645000002AFBD170470000014908607047000026
:10646000300200202DE9FF5F82B00021DDE9043019
:10647000020DDDF840B0034318D044F61050A2F2EC
:10648000FF3242431514119801281FD0A5EB0B00D1
:10649000401C5FEA000A4FF000064E4FDFF83891CB
:1064A000B046504615D5CAF1000413E011980124F6
:1064B0004AA3012801D16FEA0B010298119AC0E9A1
:1064C0000031C0E9024206B0BDE8F09FCBF1000008
:1064D000DFE704460021404A491842EB0450CDE969
:1064E000001012E0E00707D032463B4640464946DE
:1064F000FAF770F98046894632463B4610461946FF
:10650000FAF768F906460F466410002CEAD1DDE977
:106510000401DDE90023BAF1000F06DAFAF75AF9AF
:1065200042464B46FAF756F905E0FAF703FC4246B5
:106530004B46FAF7FFFB04460E460022284BFAF7BB
:106540002FFA03D84FF0FF30014607E00022254B19
:1065500020463146FAF797F8FAF7A0FC102409E034
:10656000002C0ADB0A220023FAF778FA039B303268
:106570001A55641E50EA0102F2D1641C039AC4F158
:1065800011031444119A012A03D0012208430DD1AA
:106590000AE0084304D000204FF0110B119072E77D
:1065A000A3EB0B056D1E0DE05B4504DD4FF0000213
:1065B00005F1010504E003DA4FF00002A5F1010541
:1065C000002AECD002981199C0E90231C0E90045D7
:1065D00079E70000000014400000F03F30000000A8
:1065E0000000F0430000E03F30380A2801D20120CB
:1065F00070470020704700002DE9FF4F95B09B4683
:106600008946064600250FE2252877D10024274633
:10661000F84A0121059400E0044316F8013F203BAD
:1066200001FA03F01042F7D130782A2811D06FF028
:106630002F033078A0F13002092A16D8059A44F0C9
:10664000020402EB820203EB42021044761C059026
:10665000EFE759F8042B0592002A03DA504244F47C
:106660000054059044F00204761C30782E2816D190
:1066700016F8010F44F004042A280DD06FF02F0201
:106680003078A0F13003092B09D807EB870302EB20
:106690004303C718761CF3E759F8047B761C30785F
:1066A0006C280FD006DC4C2817D068280DD06A283B
:1066B00014D104E0742810D07A280FD10DE044F4EE
:1066C00000140AE044F4801401E044F440147278A9
:1066D000824202D104F58014761C761C307866283C
:1066E0000BD013DC582877D009DC002875D045285A
:1066F000F6D04628F4D047281AD19DE118E0632847
:1067000035D0642879D0652812D195E1702873D0EE
:1067100008DC6728F1D069286FD06E280DD06F286B
:1067200006D1B5E073282CD0752875D0782874D0A0
:106730005A46179990476D1C75E1C4F30250022820
:1067400009D003280DD0D9F8001004280DD00D6011
:1067500009F1040967E1D9F80010EA17C1E900520C
:10676000F6E7D9F800100D80F2E70D70F0E719F8A0
:10677000041B8DF8001000208DF80100EA4601206E
:1067800003E059F804AB4FF0FF3061074FF0000110
:1067900002D40DE008F101018846B9420FDA8045C4
:1067A000F8DB1AF808100029F4D108E008F101011B
:1067B00088468142FADB1AF808100029F6D10598BC
:1067C0005B46A0EB080721463846179A00F094FA7A
:1067D000284400EB080507E04DE029E10DE01AF838
:1067E000010B5A4617999047B8F10108F7D25B465A
:1067F00021463846179A13E142E00A220092C4F378
:1068000002524FF0000A022A08D059F804CB032A9A
:106810004FEAEC710AD00DE029E02AE009F1070106
:1068200021F00702F2E802C1914609E00FFA8CFC60
:106830004FEAEC71042A03D14FFA8CFC4FEAEC7159
:10684000002907DA0A460021DCF1000C61EB0201A5
:106850002D2202E0220504D52B228DF804200122EE
:1068600003E0E20701D02022F7E7904659E00A2131
:1068700002E010220DE010214FF0000A00910BE021
:1068800010224FF0000A44F004040827009203E0AD
:1068900008224FF0000A0092C4F30252022A05D0E7
:1068A00059F804CB0021032A08D009E009F10701B7
:1068B00021F00702F2E802C1914605E01FFA8CFCC4
:1068C000042A01D10CF0FF0C4FF00008220728D554
:1068D000702806D0009B83F0100353EA0A0305D00A
:1068E0000EE040228DF80420012208E05CEA01025B
:1068F00006D030228DF804208DF805000222904643
:10690000009B83F0080353EA0A030AD15CEA010200
:1069100001D1620705D530228DF804204FF001081F
:106920007F1E582804D034A003900EA802900DE0DA
:1069300036A0F9E753466046009AFAF78FF8844686
:106940000398825C0298401E029002705CEA01008B
:10695000F0D1029806A9081A00F1200A600702D5B2
:1069600024F4803400E00127574502DDA7EB0A003C
:1069700000E0002000EB0A01009005984144401A15
:106980000590E00306D45B462146179A059800F06F
:10699000B3F90544002706E001A85A46C05D1799DF
:1069A00090476D1C7F1C4745F6DBE0030CD55B462A
:1069B0002146179A059800F09FF9054404E030201D
:1069C0005A46179990476D1C0099481E009000295F
:1069D000F5DC08E0029802995A460078491C0291B9
:1069E000179990476D1CBAF10001AAF1010AF1DC78
:1069F00065E1000009280100303132333435363783
:106A000038396162636465660000000030313233FA
:106A1000343536373839414243444546000000009A
:106A200000F058F90544761C307800287FF4ECAD6E
:106A300019B02846BDE8F08F620700D4062709F197
:106A4000070222F0070CFCE80223E14603F00048AD
:106A50005FEA080C02D00FF2702C0DE05FEA045CD4
:106A600002D50FF2682C07E05FEAC47C02D00FF277
:106A7000602C01E0AFF2700C4FF0FF3823F00043C0
:106A8000CDF850C065280CD006DC452809D0462832
:106A90001DD047283DD13DE0662818D067287ED11B
:106AA00038E00021112F01DB112000E0781CCDE936
:106AB000000106A90EA8FFF7D5FCDDE90F010E9A2B
:106AC00003910021009207F1010A04914DE04FF07B
:106AD00000400097CDE9011006A90EA8FFF7C2FCFF
:106AE000DDE90F0203920E9B11990022DDF80CA044
:106AF0000093049211B9791C00EB010AB7EB0A006C
:106B000004D4C0F1FF3007F1010A0490AAEB07009A
:106B1000019044E0012F00DA01270021112F01DD4F
:106B2000112000E03846CDE9000106A90EA8FFF7C4
:106B300099FCDDE90F010E9A039100210491009266
:106B4000BA4621070CD40399514500DA8A46BAF1B6
:106B5000010F05DD009AAAF10101515C302908D02E
:106B6000B84202DA10F1040F06DA0121CDE9011072
:106B700015E0AAF10101E9E7002805DC04990144C8
:106B80000491AAEB000102E0411C514500DD8A4658
:106B90000499401A401C01904FF0004002902007D9
:106BA00004D40198504501DBCDF8048000208DF815
:106BB0004F0002980DF14F07B0F1004F25D02B2068
:106BC0000E9002984FF0020800280CDA4042029022
:106BD0002D200E9007E00A210298F9F729FF3031A5
:106BE000029007F8011DB8F10001A8F10108F2DCDC
:106BF00002980028EFD1791E0E980870307800F0C6
:106C0000200040F0450007F8020D12A8C01B00F15B
:106C100007081498007800B1012000EB0A010198E0
:106C200001EBE07105984144401A401E0590E003D5
:106C300006D45B462146179A059800F05DF8054496
:106C40001498007818B15A46179990476D1CE003C4
:106C500024D55B462146179A059800F04DF8054467
:106C60001CE00498002807DBDDE90301884203DD0E
:106C70000098405C179901E0179930205A469047D8
:106C8000049805F10105401C04900198401E0190F4
:106C900004D12E205A46179990476D1CBAF1000175
:106CA000AAF1010ADDDC05E017F8010B5A46179935
:106CB00090476D1CB8F10001A8F10108F4DC5B46B7
:106CC0002146179A0598ABE62D0000002B00000026
:106CD000200000002DE9F041044600251E4617461D
:106CE000880404D405E039462020B0476D1C641E9A
:106CF000F9D52846BDE8F0812DE9F041044600258C
:106D00001E469046C80301D5302700E0202788049E
:106D100004D505E041463846B0476D1C641EF9D5E0
:106D20002846BDE8F0814A68002A06D00A68531C4C
:106D30000B6010704868401E4860704730B583B0E3
:106D40000446FFF773FB05460020CDE9000002462C
:106D500021466846F9F7EFFE2846FFF77DFBDDE99F
:106D6000000103B030BD002800D0042070470000AF
:106D700010B50446002084F80402401EC4F82C021A
:106D8000204602F021F908B1032010BDB4F8FE013D
:106D9000A0F52A41553901D0022010BD94F83600E3
:106DA000B4F8371040EA01210848B0EB012F08D0B1
:106DB00094F85210B4F8532041EA0221B0EB012FAD
:106DC00001D1002010BD012010BD0000004641543B
:106DD000F0B50022184B144602EB420653F8265039
:106DE00085B1D0F80072BD420DD103EB8605D0F815
:106DF00008626F68B74206D12D89B0F80662B542C5
:106E000004D000E00124521C022AE5D3022A01D05A
:106E100079B904E05CB9022909D01220F0BD02EB77
:106E2000420003EB80004089B0F5807F01D0002054
:106E3000F0BD1020F0BD00009061002030B50021B1
:106E4000064A0C4601EB410352F82350854201D11A
:106E500042F82340491C0229F4D330BD9061002040
:106E6000D0F82422D0F80002490A90F80202B1FBBF
:106E7000F0F0121D02CA19B1884203D3401AF8E794
:106E800000207047116808447047D0F81422891E0A
:106E9000921E8A4201D800207047D0F8282290F82C
:106EA000020201FB002070472DE9F04786B004463E
:106EB000E5A1F9F7EAFA00287ED0E5A12046F9F726
:106EC000E4FADFF890A300287FD00422E2A1204654
:106ED000F9F7E9FA002871D0E1A12046F9F7D5FACF
:106EE00000286CD00522E1A12046F9F7DCFA002841
:106EF00066D0E0A12046F9F7C8FA00287ED0DFA1CD
:106F00002046F9F7C2FA002879D0DEA12046F9F729
:106F1000BCFA002874D0DDA12046F9F7B6FA0028A3
:106F20006FD00422DBA12046F9F7BDFA002869D012
:106F3000DAA12046F9F7A9FA00287DD0D8A1204689
:106F4000F9F7A3FA002878D0D7A12046F9F79DFADF
:106F5000002873D0D7A12046F9F797FA00286ED001
:106F6000D7A12046F9F791FA002869D0D7A1204689
:106F7000F9F78BFA002869D0D6A12046F9F785FAEF
:106F800000287DD00522D6A12046F9F78CFA0028EA
:106F900077D0D5A12046F9F778FA002872D0D4A18D
:106FA0002046F9F772FA00286DD02246D1A106B02A
:106FB0000120BDE8F04704E005E006E050E095E080
:106FC000B8E001F01FBFD14918E1FDF721FDF9F745
:106FD000D4FC80468946FDF7E5FCF9F7CEFC064671
:106FE0000F46FDF7E5FCF9F7C8FC04460D46FDF732
:106FF000E5FCF9F7C2FC02460B4604E0A6E0AEE071
:10700000B6E0BEE0CBE08DE8F003C1A1012001F0C5
:10701000F9FEFDF7EBFC80465446DAF82000F9F75C
:10702000ACFC06460F46A068F9F7A7FC04460D46DF
:107030000020FCF7DDFF04E0BFE0C3E0C7E0CBE0E9
:10704000CFE0F9F79AFC0B46024600E0CEE08DE86F
:10705000F001BAA1012001F0D5FE06B0BDE8F0872D
:10706000201DFFF76BFEF9F7B3FC80462021201DA1
:10707000F9F7FAF9040015D0601CFFF75FFE03E092
:10708000B9E0C1E0CCE0D6E0F9F7A2FC054620214A
:10709000601CF9F7E9F930B1401CFFF74FFEF9F732
:1070A00097FC01E00025002004464046FDF744FD22
:1070B0002846FDF735FD2046FDF726FD2046F9F769
:1070C0005CFC04460E462846F9F757FC05460F4679
:1070D0004046F9F752FCCDE90246CDE900570B4690
:1070E0000246A2A1012001F08DFEB6E7D1460024A0
:1070F0004FF4FA7A4D46D9F82000F9F73EFC0746DE
:107100008846A868F9F739FC05460E460020FCF7CA
:107110006FFFF9F732FC0A468DE8E5012246A0A18F
:10712000012001F06FFE504601F0BAFF641C142CE0
:10713000E0DB92E7601DF9F7C5F9044602288CD818
:10714000E0B2FDF72FFD2246A0A130E70020FCF7BA
:107150004FFFF9F712FC0B460246A6A119E00120E9
:10716000FCF746FFF9F709FC0B460246A4A110E024
:107170000220FCF73DFFF9F700FC0B460246A3A1F5
:1071800007E00320FCF734FFF9F7F7FB0B46024654
:10719000A1A106B00120BDE8F04701F033BE201DDB
:1071A000F9F790F9020001D5002202E0642A00DD1F
:1071B00064229C4802709CA1F9E6FAF7C9FB0246DA
:1071C0009EA1F4E60120FDF755FD9EA116E00020EA
:1071D000FDF750FDA4A111E00120FCF7D7FBA6A10B
:1071E0000CE00020FCF7D2FBA7A107E0FEF7C2FBF2
:1071F0000246AAA1DBE6FEF7D9FBB4A106B0012046
:10720000BDE8F04701F0FEBD601DF9F75BF90446EB
:1072100002288ED8E0B2FDF737F82246AEA1C6E6C6
:1072200004210720CDE900010123AEA2AFA1184639
:1072300001F0E8FD11E7B8A1012001F0E3FD06B07F
:10724000BDE8F047FDF764BA68656C7000000000A7
:1072500070696400D85B0020706964200000000041
:107260007069647761746368000000006D6F646525
:107270002000000074656D700000000068756D6985
:10728000000000006C69676874000000736F696C2F
:107290000000000066616E200000000072706D004A
:1072A00070756D70206F6E0070756D70206F666602
:1072B000000000006C69676874206F6E00000000B9
:1072C0006C69676874206F66660000007374616C97
:1072D0006C0000007374616C6C2D726573657400D2
:1072E000706167652000000076657273696F6E00DB
:1072F0006F746100756E6B6E6F776E20636D643AAC
:10730000202573202868656C7029000064C101087D
:107310005049443A204B703D252E3266204B693D42
:10732000252E3266204B643D252E32662074617214
:107330006765743D252E3166204300002020202003
:107340002074656D703D252E31662043206F757465
:107350003D252E3066252520696E743D252E30662C
:10736000206D6F64653D2564000000007069642035
:107370002D3E204B703D252E3266204B693D252E3B
:107380003266204B643D252E326620286E65787467
:10739000203130306D73206C6F61646564290000AA
:1073A000776174636820253032643A2074656D70AB
:1073B0003D252E3166206F75743D252E30662525BE
:1073C00020696E743D252E30660000006D6F646587
:1073D000202D3E2025642028303D6175746F2031BA
:1073E0003D6D616E75616C20323D7374616E6462D7
:1073F00079290000543A20252E31662043000000F0
:10740000483A20252E316620252500004C3A2025BB
:107410002E3066206C780000533A20252E316620ED
:10742000252500000800002066616E2064757479CF
:10743000202D3E20256425250000000072706D3A45
:107440002025640070756D70206F6E202874656D46
:10745000702C2072756C652077696C6C206F766576
:10746000727269646529000070756D70206F6666C0
:10747000202874656D7029006C69676874206F6ED0
:10748000202874656D7029006C69676874206F66C8
:1074900066202874656D7029000000007374616CAB
:1074A0006C2073746174653A2025642028303D6F28
:1074B0006B20313D636865636B20323D6661756C9E
:1074C0007420333D73657665726529007374616C51
:1074D0006C2072657365740070616765202D3E20B5
:1074E00025640000312E372E3400000061707020BA
:1074F00076657273696F6E20257320286D616A6FDF
:10750000723D2564206D696E6F723D256420706147
:107510007463683D256429004F54413A20757067B3
:1075200072616465207265717565737465642C2081
:107530007265626F6F74696E6720746F20626F6F1F
:10754000746C6F6164657220696E203230306D73C7
:107550002E2E2E002DE9F0410F00054606D001F039
:1075600069FB02280BD20120BDE8F081D5F80C623E
:107570001EB1D5F81402B04208D8012606E0411C1D
:10758000F2D0D5F814128142EED83E463446D5F8F2
:107590001402641CA04202D80224022E0AD32146FF
:1075A000284601F047FB38B1411CDDD00128DBD073
:1075B000B442ECD10020D7E76FF070422146284654
:1075C00002F0FFFA30B957B122463946284602F098
:1075D000F8FA20B1012812D001242046C4E7C5F8EA
:1075E0000C42D5F81002411CF7D0401EC5F810021D
:1075F00095F8050240F0010085F80502EDE74FF02F
:10760000FF34EAE72DE9F04789460C6800E0641C86
:1076100021782F29FBD05C29F9D0D0F818520B2201
:107620002021284601F0C9FC002001460B4608260F
:10763000E25C5B1C202A35D92F2A33D05C2A31D05A
:107640002E2A01D0B04208D3082E38D12E2A36D1A6
:1076500008200B268906090EEAE7802A05D3244F65
:1076600041F003013A4412F8802C22A700E07F1C6D
:1076700097F800C0BCF1000F02D09445F7D11EE08E
:10768000A2F14107192F02D841F0020107E0A2F14F
:107690006107192F03D8203A41F00101D2B22A54D0
:1076A000401CC5E71C44C9F80040202A01D8042228
:1076B00000E0002218B12878E52803D004E0062075
:1076C000BDE8F08705202870082E01D18806010E3C
:1076D00001F00300012801D142F01002C1F3810042
:1076E000012801D142F00802EA720020E8E7000018
:1076F000C0BF0108222A2B2C3A3B3C3D3E3F5B5D3C
:107700007C7F0000401E022815D20C4B00EB40028B
:1077100003EB82014889B0F5807F05D008B1401E97
:1077200080B2488110B104E00020FAE7002043F85D
:107730002200002070470220704700009061002066
:107740000A490A6842F080720A60094900224A60C8
:107750000A6842F001020A60064A074B1268B2FB4F
:10776000F3F2424348689042FCD37047FCED00E0DE
:10777000001000E02C00002040420F002DE9F041F5
:10778000B0F806620446761C30040F46000C37D071
:10779000D4F8100298B3310773D1401CC4F810021A
:1077A000D4F80C12D4F8000231B190F80222521E23
:1077B00012EA161F05D064E0B0F80802B0421FD9E3
:1077C0005FE001F037FA054601281ED9681C3AD05F
:1077D000D4F80002D0F81412A94249D87FB1D4F8E5
:1077E0000C12FFF7B7FE05000DD0012D0DD0681C5F
:1077F00029D0D4F8000202F09AFD20BB07E0FFE791
:107800000420BDE8F0810720FBE70220F9E74FF4F0
:1078100000720021D4F8000201F0CFFB2946D4F811
:107820000002FFF732FBD4F8001200274FF00108E6
:10783000C1F82C0211E000BF80F80482D4F80002E5
:1078400002F075FD08B10120DBE7D4F80002D0F8A2
:107850002C12491C7F1CC0F82C12D4F8000290F89E
:107860000212B942E8D8D0F82C12C91BC0F82C1269
:10787000C4F80C522946D4F80002FFF706FBC4F8FE
:107880001002A4F80662D4F8000206F00F0100EB23
:107890004110C4F814020020B3E770B5044600217B
:1078A00000F036F810E0D4F81012D4F8000201F01D
:1078B0008BFB58B9D4F814020078E52809D040B100
:1078C00001212046FFF75AFF0028ECD0042809D0F8
:1078D00009E0D4F81012D4F8000201F075FB05009D
:1078E00003D013E00720054610E0D4F8140220224C
:1078F000002104F5007401F060FBD4E905010B22BE
:1079000001F052FB2168012081F80402284670BD75
:1079100070B5A0F80612D0F808320D460446012BC7
:1079200040D0D4F80002D0F8141299423AD933B9B1
:1079300090F80012032906D1D0F824321BB190F838
:107940000202060114E0B0F80812A9422AD9D0F8C0
:10795000240214E001F06EF90346401C20D0022BF3
:1079600020D3D4F80002D0F8140298421AD9AD1BE3
:10797000D4F80002B5421946ECD2FFF786FAC4F8F3
:107980000C3278B100EB1510C4F81002D4F80002E4
:1079900005F00F0100EB4110C4F81402002070BD87
:1079A000012070BD022070BD084910B50B5C00229B
:1079B00053B901220A540A1801EB8000127A406878
:1079C0000168104688470246104610BDA861002095
:1079D00030B4054C231804EB80001B7A406804691E
:1079E0001846A44630BC6047A861002030B4054D5D
:1079F0002C1805EB8000247A406885682046AC4648
:107A000030BC6047A8610020044A111802EB8000D6
:107A1000097A40684268084610470000A8610020C3
:107A200030B4054D2C1805EB8000247A4068C568F9
:107A30002046AC4630BC6047A861002070B5064DBA
:107A400000242878012802D00624204670BD286929
:107A5000804700202870F8E74801002070B50C46E8
:107A60000988002505292FD1417840F2CF760A02F6
:107A700081781143C278491C1302027989B21A43F2
:107A8000531EB34220D200232380012300F8013B80
:107A90002688761C2680560703D003EBD203DEB27D
:107AA00001E0C2F3C70600F8016B23885B1C23804A
:107AB000002300F019FA18B102F077F8054604E047
:107AC00020883044208000E00325284670BD70B532
:107AD0000C4609880026052925D1417805790A0236
:107AE00081781143491C6A1E89B27C2A1BD8002266
:107AF0002280032200F8012B22880023521C2280BE
:107B00006A0000F8012B2288521C22802A4600F0CD
:107B10003DFA18B102F049F8064605E0208800EB6E
:107B20004500208000E00326304670BD70B50C464D
:107B300009880026052927D1417805790A0281782C
:107B40001143C278491C45EA02256A1E89B27C2A83
:107B50001AD200222280042200F8012B2288521C13
:107B600022806A0000F8012B2288521C22802A46BB
:107B700000F0F0FA18B102F018F8064605E0208887
:107B800000EB4500208000E00326304670BD38B58C
:107B90000988002405290BD141780A028178114314
:107BA000491C027989B21AB9C278FF2A03D012B1EE
:107BB0000324204638BD00228DF80120C078FF281C
:107BC0000CD08DF8002001231A46684600F08CF98D
:107BD0000028EED001F0E9FF0446EAE701208DF825
:107BE0000000F0E710B509880024052902D003241D
:107BF000204610BD417801230A028178C01C114340
:107C0000491C89B21A4600F0C1F90028F0D001F0F1
:107C1000CCFF0446ECE770B50D4609880024062920
:107C20001DD341780A0281781143C278491C13029E
:107C3000027989B21A434379561E772E0FD8560619
:107C4000360E9E420BD10123801D00F09FF918B122
:107C500001F0ABFF044603E00520288000E0032488
:107C6000204670BD2DE9F0411D46069B174606468D
:107C700029B1F72903D8134C084621710EB102250A
:107C80001BE011492161114961611149E16011490C
:107C9000A1610021E161104921621049616210492E
:107CA000A1622A46394600F077F8050005D102F0B6
:107CB00003FF28B16671012020702846BDE8F081DD
:107CC0000325FAE748010020A97E0108CD7E0108BE
:107CD0003D7E0108E57D010859AB010801AC0108B2
:107CE000C1AB010838B52B4C207808B1062038BD4F
:107CF000684602F0C7FE01284AD19DF80000E8B3AB
:107D0000012802D0022843D10FE0224AA369921D24
:107D1000911CC81F984788BB60782179884200D0A1
:107D200060BB022002F0D2FE32E0A0680121194BB4
:107D30000278A270E170002113F12C0313F8315086
:107D400065B1954207D103EBC1014A681149891D0C
:107D50009047E07002E0491C1029EFDB607868B1C1
:107D6000E07880B10021E180A17841F08002A16833
:107D70000A70E288521C92B2E28000E008E0885467
:107D8000E088401CE080D4E90213E288207998471B
:107D9000002038BD480100202DE9F0411F4615465E
:107DA0000E46002402F0F8FB3B46082229463046E6
:107DB00002F0B4FE01280DD1B5F5964F01D923206C
:107DC00003E007496800B1FBF0F080B202F0B0FEBA
:107DD000012800D0032402F0FFFB2046BDE8F0811B
:107DE000A07F17002DE9F04116468846074600257A
:107DF00002F0D2FB0F4CA088FF2801D9AFF300801E
:107E0000A088042804D3A1880B4802F0C1FA30B13D
:107E10005FF0050502F0E0FB2846BDE8F08106486A
:107E200000783870A088C01E30800348401CC8F815
:107E30000000EFE7F4010020906000202DE9F04100
:107E400090460E460746002502F0A6FB144C6078CB
:107E5000012806D05FF0050502F0BEFB2846BDE80C
:107E6000F081701E0126A06066800770628802EBB8
:107E700008016180618802F08BFA6188094A531811
:107E8000491C61801870010A60880244401C6080AF
:107E9000117026700121002002F0EEFADCE70000EC
:107EA000F40100209060002010B502F075FB064937
:107EB000002048700146012002F0DEFA02F05AFB71
:107EC000BDE8104002F088BBF401002010B502F0BC
:107ED00063FB0021084602F0CFFA02F033FBBDE855
:107EE000104002F079BB00002DE9F041074615462D
:107EF0000E004FF0010046D07119032943D8012B21
:107F000003D000200246E91D1DE0002415E000BF5B
:107F100007EBD40004F007010078C840311900F0E5
:107F20000100012902D0022905D102E0FCF7A2FEDE
:107F300001E0FBF72BFD641CA4B2AC42E8D321E0C6
:107F40003A54401C80B2B0EBD10FF9D3002417E0B3
:107F50003019012802D0022810D101E0022000E0EF
:107F60000120FCF7B1FE012808D107EBD40004F092
:107F70000703017801229A4011430170641CA4B2E6
:107F8000AC42E5D30020BDE8F08100002DE9F047C8
:107F9000074616460D004FF0010070D0A9191529AB
:107FA0006DD8DFF8A481DFF8A491012B4FF0000415
:107FB0007BD0C3E007EB440029190088152940BA9B
:107FC00071D2DFE801F0700B131B232C30424A4FB3
:107FD000545D65707070707070706A00F8F775FCB1
:107FE0004146F8F706FBFCF7A7FD5CE0F8F76DFCEF
:107FF0004146F8F7FEFAFCF793FD54E0F8F765FC0C
:108000004146F8F7F6FAFCF77FFD4CE000B2F8F7CE
:1080100053FC4946F8F7EDFAFCF7DEFD43E0C0B249
:10802000FCF7C0FD3FE0F8F750FC4946F8F7E1FAED
:10803000FCF7A2FDFCF7DAFC012834D1FCF7D0FCF8
:10804000F8F76EFC424908702DE0F8F73EFC49460F
:10805000F8F7CFFAFCF736FD25E0F8F736FCFCF729
:1080600081FD20E0F8F731FCFCF772FD1BE0F8F72A
:108070002CFC4946F8F7BDFAFCF73CFD13E060E044
:10808000F8F723FC4946F8F7B4FAFCF729FD0AE0B3
:10809000C0B2FCF795FD06E007E0A0F5B4415A39FF
:1080A00001D1FCF735FB641CA4B2B44282D347E093
:1080B000002029190D2939D2DFE801F038070A1309
:1080C000161E2124272A2F323600FCF777FC01E008
:1080D000FCF76EFC4FEA0801F8F759FA1AE080B293
:1080E00024E0FCF75FFCF5E7FCF792FC4946F8F763
:1080F0004EFAF8F7FCFBF2E7FCF778FC16E0FCF729
:108100006FFC0FE0FCF73CFC0CE0FCF763FC01E0CB
:10811000FCF75AFCF8F704FCE1E7FCF73DFC01E052
:10812000FCF734FC4946D7E7FCF76CFC010A07F87A
:10813000141007EB4401641C4870A4B2B442B7D3D6
:108140000020BDE8F08700000000C8420000204188
:10815000080000202DE9F047804617460E004FF03A
:10816000010039D0F119082936D80025DFF86C90C4
:108170002FE000247019082823D2DFE800F0220441
:10818000061115171A1E002000E00120FBF730FF32
:108190004946F8F7FCF900BFF8F7C2FB84B210E0DB
:1081A0000220FBF725FFF7E70320EFE7F9F7D0FB05
:1081B00001E0F9F7C7FB044603E0FDF7EBFB00B174
:1081C0002024210A08F8151008EB45006D1C4470A6
:1081D000ADB2BD42CDD30020BDE8F0870000204104
:1081E00010B5044600F052FA00280DD1204602F0E6
:1081F00033FC002808D1D4F82802FFF783FA0028BE
:1082000002D10021C4F8001210BD00002DE9FC5F6E
:108210000D46044602F020FC5FEA000973D194F891
:10822000070200286FD1D4F8240201274FF0020A78
:10823000002869D0691C33D0D4F80C02A84200D2BF
:108240000546C4F80852002D5CD02046691EFEF792
:1082500007FE0146C4F81402D4F80002FEF715FE2A
:1082600000287CD0D4F800126D1E91F80222521E14
:1082700002EA55221518B4F80802C005E4D0D4F873
:108280001822AA42E0D094F80602400646D591F89A
:10829000010201232146FFF7C3FB002874D137E018
:1082A00002C80091D4F810128346022509B30026B3
:1082B000AD1C01918846761CD4F8000200F0BAFC8F
:1082C000014601284BD9481C5ED008F101008142CB
:1082D000F0D00098854206D8CBF800600BF104007E
:1082E000019A04C08346D4F80002D0F814028842F0
:1082F000DDD8D4F8240205600098854205D8002115
:10830000CBF80010C2E09DE016E04FF01109BDE08F
:1083100094F8060220F0400084F80602D4F8000227
:1083200001232A4690F801022146FFF75FFB00284F
:108330002AD1C4F81852A9E0D4F80C02A84204D2F9
:1083400094F80612890700D405464FF00008D4F8C7
:108350000802C4F808824DB3D4F8002200E06EE0B1
:1083600092F802124E0280B1691E401EB1FBF6F176
:10837000B0FBF6F3994208D3711E8843C4F8080293
:108380002D1AD4F8141210E06EE0D4F8101251B97E
:1083900000211046FFF7DEF8014601284FD0481CA7
:1083A00062D0C4F81012C4F8141211BB31E000BF3F
:1083B00094F806028007D4F8000205D5FFF7CAF842
:1083C000010004D1354616E000F034FC0146481C9B
:1083D0004AD0012933D9D4F80002D0F814028842D7
:1083E0002DD9C4F81412D4F80802AD1B3044C4F8D7
:1083F0000802B542DCD8D4F808022844C4F80802C0
:10840000E80506D0D4F80002FEF73FFDB8B100EB56
:108410005528B4F80802C0052CD0D4F818224245DB
:1084200028D094F80602400614D5D4F8000201239F
:10843000214690F80102FFF7F3FAA8B904E084F8A6
:1084400007A20220BDE8FC9F94F8060220F040003D
:1084500084F80602D4F800020123424690F8010293
:108460002146FFF7C3FA18B184F807720120E9E743
:10847000C4F81882D4E98201884207D9C4F80C02F2
:1084800094F8060240F0200084F806024846D9E736
:108490002DE9F74181B0904602980090684600F0BF
:1084A0002FFC040003D50B2004B0BDE8F0810E4E74
:1084B000002756F8245025B12846FEF7BFFC85F862
:1084C00000720198002801D080F8007246F824005C
:1084D00002D0B8F1010F01D00020E5E7002202A987
:1084E00001A800F01BFADFE72C0200202DE9F74776
:1084F000ADF50B7D06000ED04FF0000802F01F070F
:1085000027F001028CA980A8C6F8008200F006FAC4
:10851000040005D0B4E009200DF50E7DBDE8F0871C
:1085200088A8869068468C9900F024FB859D0400FD
:108530000BD11DB1780803D0012102E0062404E02C
:1085400000216846FEF744FC044617F01C0F5FD07C
:108550004FF0010AD4B1042C13D100204A4902E0A3
:10856000401C022805D200EB400251F82220002ACC
:10857000F6D1022804D06846FFF78FF9044600E0E0
:108580001224859D47F0080754B179E0E87A10F08D
:10859000110F01D0072473E0780701D508246FE09C
:1085A000380743D500F0A8FBA873010AE973010C52
:1085B0002974000E687485F80B8085F81C8085F896
:1085C0001D8085F81E8085F81F802946809800F060
:1085D00005FC81460021284601F018FE8099B9F17A
:1085E000000F81F804A21FD080984946D0F82CA231
:1085F00001F0F0FB040043D18099A9F10100C1F81A
:108600000C025146809800F0DFFC04000AD037E0ED
:10861000B4BBE87AC10601D5042431E0B90701D51D
:10862000C007B7D1380701D547F020078098D0F8A8
:108630002C02C6E98705780801D0012100E000215D
:10864000684600F07BFBC6F82802D8B186F80672AF
:1086500086F807824746294606F50076809800F09E
:10866000BDFB3061287FD5F81D1040EA0120C6E926
:108670000270B761776280983060B0F80602B0800F
:10868000204649E70224FBE79061002070B50446CC
:1086900002F0E2F9002811D194F806128A060DD5ED
:1086A000480612D5D4F800020123214690F80102B1
:1086B000D4F81822FFF7B4F908B1012070BD94F87E
:1086C000060220F0400084F80602D4F81C12D4F808
:1086D000000200F079FC0028F0D1D4F82052E87AAA
:1086E00040F02000E87294F80C022877B4F80C02ED
:1086F000000A6877D4F80C02000CA877D4F80C02B2
:10870000000EE877D4F81012284604F5007401F042
:108710007DFD00F0F1FAA875010AE975010C2976D2
:10872000000E68760020A874E874A07920F020007C
:10873000A0712168012081F804022068BDE8704022
:1087400001F09ABD2DE9F84F88460021994615465B
:108750000446196002F080F9002808D194F8070255
:10876000002804D194F80602800702D40720BDE84F
:10877000F88FD4F80802012741194FF0020A81420C
:108780007BD3B9E0D4F80812C80577D1D4F8002219
:1087900092F80202401E00EA512010F0FF061ED19E
:1087A00031B1D4F8240240B12046FEF759FB09E06C
:1087B000D4F8100240B9002101E0D4F81412104698
:1087C000FEF7C8FE002858D001283DD0411C6CD0CF
:1087D000C4F81402D4F8101209B9C4F8100294F8BD
:1087E0000602400610D5D4F800020123214690F875
:1087F0000102D4F81822FFF713F9E8BB94F8060237
:1088000020F0400084F80602D4F81412D4F80002D4
:10881000FEF73BFBC0B130440090680A5FEA000BF2
:1088200030D0D4F8000206EB0B0290F802128A4214
:1088300001D9A1EB060B90F801025B464146009A74
:10884000FFF7EEF8C0B903E084F807A202208EE734
:10885000D4F818120098081A58450CD208EB402199
:108860004FF40072204600F09FFB94F8060220F0BF
:10887000400084F8060202E017E040E01CE04FEA06
:108880004B262DE0D4F818120098814211D0D4E97B
:10889000820188420DD2D4F800020123214690F8CB
:1088A0000102009AFFF7A2F818B184F807720120BC
:1088B0005DE70098C4F81802B4F80802C0F3080095
:1088C000C0F50076AE4200D92E46204432464146DD
:1088D00000F06AFB94F8060240F0400084F80602BB
:1088E000D4F80802B0443044C4F80802D9F80000B3
:1088F0008119AD1BC9F80010002D7FF443AFD4E9F6
:108900008201884201D9C4F80C0294F8060240F0B2
:10891000200084F80602002029E700002DE9FF4727
:108920004FF000090746C0F800901646084600F0D0
:10893000E7F9050003D50B2004B0BDE8F0878A48AD
:1089400050F82540A4B13C6094F8000228B194F896
:108950000102FFF759F8C1070CD084F80092E8B281
:1089600084F80102FFF720F8C10708D00320E3E7ED
:108970000C20E1E70EB1400704D40020DCE71EB173
:10898000400701D50A20D7E7002529462046FEF7F3
:10899000EFF9012823D100204FEA0D0704EB001165
:1089A00091F8C22101F5DF712AB10A7AD1F80910D4
:1089B00042EA012100E0002147F82010401C042871
:1089C000ECD3002657F826502DB129462046FEF755
:1089D000CFF908B909E00220761C042EF2D303284F
:1089E00001D0E0BB01E00120A6E7B4F80B00B0F530
:1089F000007F60D1E28A2AB994F82400D4F82510C7
:108A000040EA0122C4F81822217C84F803120129CB
:108A100001D002294FD1607B514384F80202F0B1AA
:108A2000431E184247D1B4F81130A4F808321E078B
:108A300041D1B4F813602EB994F82060D4F82170B5
:108A400046EA0726B4F80EC0BCF1000F33D00CEB99
:108A5000010707EB1317BE422DD3F61B00E02AE0F7
:108A6000B6FBF0F038B3012640F6F678404500D367
:108A700002264FF6F678404500D30326801C2F448B
:108A8000C4F82872AC44C4F81402C4E9875C032E0D
:108A900013D083B16144C4F82412022E19D000F01F
:108AA000010100EB400001EB500000BF00F2FF109D
:108AB000B2EB502F0FD20D203EE7002BFBD194F8E4
:108AC0002C10D4F82D30800041EA0321C4F8241280
:108AD000ECE74000EAE74FF0FF30C4F81002C4F8BA
:108AE0000C02802084F80502032E30D1208E01284C
:108AF0002DD12046691C00F067FA40BB84F805922E
:108B0000B4F8FE01A0F52A41553920D12078D4F8D7
:108B1000011040EA01201549884218D194F8E40177
:108B2000D4F8E51140EA0120114988420FD194F8A8
:108B3000E801D4F8E91140EA0120C4F8100294F8E1
:108B4000EC01D4F8ED1140EA0120C4F80C0206490A
:108B500084F80062091F0888401C0880A4F80602F7
:108B60002046FEF76BF908E72C02002052526141C3
:108B70007272416173B50446019908782F2801D0BB
:108B80005C2801D1491C01910025C4F808520198C4
:108B90000078202806D200212046FEF7B9FEC4F84E
:108BA00014527CBD01A92046FEF72CFD0028F8D107
:108BB00000212046FEF7ACFE20BB00BFD4F8101207
:108BC000D4F8000200F000FAE0B9D4F814120A78E0
:108BD00032B1CA7A12070FD40A23D4F8182203E05C
:108BE00004200FE05B1E06D311F8015B12F8016B45
:108BF000AD1BF7D000E02DB100212046FEF7BEFDF1
:108C00000028DBD0D4F81812C97A28B10428C8D1BA
:108C10004907C6D405207CBD4907FCD4D4F81412FA
:108C2000C87AC006F6D5D4F8000200F0D7F8C4F828
:108C30000802B7E72DE9F0410D46044602290DD39D
:108C4000D4F81402A84209D994F800024FF0FF3674
:108C5000012807D002282AD0032836D00126304622
:108C6000BDE8F081D4F8200205EB550700EB572151
:108C7000204600F0A9F90028F1D1C7F308007F1CB5
:108C800014F80080D4F8200200EB5721204600F0B1
:108C90009BF90028E3D1C7F30800215C48EA0120D2
:108CA000E90701D00609DAE7C0F30B06D7E7D4F8E5
:108CB000200200EB1521204600F086F90028CED1D5
:108CC000E8B204EB40000688C9E7D4F8200200EBC4
:108CD000D511204600F078F90028C0D140F2FF10ED
:108CE00000EA850020440178D0F8010041EA002024
:108CF00020F07046B3E70000004870470000215C98
:108D000010B504464FF0FF302268002A13D01146F8
:108D100000E0491C0B78212B0ED33A2BF9D112F825
:108D2000013B303B0A2B06D28A4204D1002B02D1F0
:108D3000491C1846216010BD002010BDF0B5034647
:108D4000254AD3F80042002000EB400552F8256088
:108D5000A6420BD102EB8505D3F808626F68B742D3
:108D600004D12D89B3F80662B54202D0401C022816
:108D7000EAD302281AD1002002E0401C022805D2C2
:108D800000EB400552F82550002DF6D1022815D0F1
:108D900000EB400542F8254002EB8504D3F8086259
:108DA0006660B3F80632238100236381002900EB5B
:108DB000400102EB8101498902D019B10020F0BDC8
:108DC000491C01E04FF4807100EB400302EB830289
:108DD000401C5181F0BD0000906100200246488B8C
:108DE00092F80022032A02D1898A40EA01407047A2
:108DF00010B5002000F069FA0149086010BD0000BC
:108E0000B00000200FB4F0B5A3B00446032800D989
:108E10000324294D286818B14FF0FF3100F02CFAD7
:108E2000F9F7B8FA4FF47A76B0FBF6F23C21B2FBD0
:108E3000F1F301FB13224EF66023B0FBF3F3B3FB17
:108E4000F1F701FB17311D4BB0FBF3F31C4850F851
:108E500024000091CDE901201AA2802103A8FDF78A
:108E6000A3FA0746C0F1800103AC2AABE019299AA6
:108E7000FDF7B2FA0021002800DA002038448028EB
:108E800001DB7F2007E07E2805DC0D222254401CF8
:108E90000A222254401C82B22154334603A91048AE
:108EA000FAF722FD2868002801D000F042FA23B02A
:108EB000F0BC5DF814FB0000B000002080EE36002E
:108EC000E4BA01085B2530326C753A2530326C7596
:108ED0003A2530326C755D5B25735D200000000023
:108EE0004C030020224908B520480860214C254643
:108EF000EFF30880204F04F50061091A4FF0A53602
:108F0000796000E040C58542FCD3F9F751FAFCF7DF
:108F100018FFFAF7DDFDFAF749FDFAF7C1FEFAF797
:108F20001DFFFAF737FFFAF7FDFEFAF787FEFAF7AB
:108F300061FEFAF763FDFFF75BFF104800E0241DB8
:108F40002168B14201D18442F9D3021B78680090B4
:108F50004FF400630AA10120FFF754FF00F0CCF8A2
:108F6000FAF75AFD00F0DAF8FEE700000002010807
:108F700008ED00E0B861002000000020B869002082
:108F8000737461636B3A206D737020757365643D13
:108F9000256C75422F2575422028696E69745F73B0
:108FA000703D256C7542290004E000BF11F8013BBB
:108FB00000F8013B521EF9D27047C9B201E000F837
:108FC000011B521EFBD2704770B50546D0F82C022B
:108FD0000C460026A04210D0284601F0A8F9060051
:108FE0000BD195F80102012322462946FEF7FEFC2B
:108FF00008B1741E0126C5F82C42304670BD000031
:10900000F0B50124204D87B0E7044FF47A7623466B
:109010001EA218216846FDF7C7F9032269461A48BF
:10902000FFF764FA10B1042811D023E0D5F80C0240
:10903000B84204D201461448FFF7E8F818E0124895
:10904000FFF7CEF8641CA4B2B442E0D312E00622CB
:1090500069460D48FFF74AFA60B9002006900E48AD
:10906000F7F70CFA024606AB0B490748FFF76AFB15
:10907000B44202D3002007B0F0BD0848012144806B
:1090800001700846F7E70000AC5900204C4F472517
:109090003035752E43535600F4BA0108BC00002049
:1090A00010B5EFF3058111B16FF0050403E0002462
:1090B00008B101F049FB204610BD38B50546EFF375
:1090C000058010B16FF005040CE0002402F07AFA7C
:1090D000291A0090002903DD684601F05BFB01E0DE
:1090E0006FF00304204638BDEFF3058008B102F0AD
:1090F0006FBA02F067BA0000EFF3058010B16FF0AD
:10910000050070470448016811B14FF0FF30704707
:1091100001210160002070478000002010B5EFF3AE
:10912000058010B16FF0050010BD084801680129E5
:1091300002D04FF0FF3010BD054A002182F8141D07
:109140000221016001F0F6FB002010BD800000202C
:109150000BE000E0F8B51D466FF003026FF0020669
:109160004FF00004EFF30583A3B1F0B1E9B1E5B925
:10917000002200926A4602F055F8012817D10098A3
:10918000B0B10C494FF080500860BFF34F8FBFF370
:109190006F8F0DE048B141B12A4601F0A7FF0128C9
:1091A00006D025B16FF0010402E0144600E0344619
:1091B0002046F8BD04ED00E0F8B514464FF0000578
:1091C000EFF3058212BB08B301B3A4B1D4E90232B4
:1091D00063B1502A1AD32269C2B1676900FB01F654
:1091E000B74213D3009501F0DCFD07E072B92269A4
:1091F00062B9626952B9002201F0B2FD050005D0E2
:109200000CB1216800E0002101F068FA2846F8BDA1
:10921000F8B51D466FF003026FF002064FF0000430
:10922000EFF30583ABB100B3F9B1F5B900221346F2
:1092300000926A4601F0DCFE012818D10098B8B10E
:109240000C494FF080500860BFF34F8FBFF36F8F12
:109250000EE050B149B100232A4601F019FE012861
:1092600006D025B16FF0010402E0144600E0344658
:109270002046F8BD04ED00E02DE9F0410D46014621
:1092800021F0010001F001014FF00004EFF305822D
:109290000AB1A41F16E048B100296FF001066FF073
:1092A0000207294608D002F0C7F807E06FF0030470
:1092B00008E035B1344605E002F002F80128F8D1A3
:1092C00000E03C462046BDE8F08170B505464FF011
:1092D0000004EFF3058050BB0DB1686800E000208A
:1092E000C10701D0012600E0002600071FD46DB1A0
:1092F000D5E9021021B1502819D31EB1042002E093
:1093000020B114E0012001F01EFD05E00EB10420A3
:1093100000E0012001F00CFD040008D00DB1296827
:1093200000E0002101F0DAF90EB144F0010420461A
:1093300070BD70B5014621F0010001F001014FF050
:109340000004EFF305820AB1A41F11E028B16FF009
:10935000020529B101F0ABFE07E06FF0030407E05E
:1093600000231A46194601F093FD012800D02C462F
:10937000204670BD2DE9FF414FEA01034FF0000583
:10938000EFF30581039549BB40B3802718210024E2
:109390004AB3166806B1344696691EB13146761E48
:1093A000382E02D21679F60703D0002004B0BDE8AB
:1093B000F081566906B1B708D2F808C0BCF1000FB9
:1093C0000DD0D5685C2D18D312693AB136B18DE84D
:1093D00006103A46214602F0B6F803900DE0D66832
:1093E0005EB912694AB903AACDE90012BAB22146A0
:1093F00002F07CF8012800D003950398D6E700001E
:109400002DE9F041134C0F460546E6682068001D23
:1094100000F0D4FF681C07D137B12168BDE8F041E6
:109420000D48091D01F01CB820683544B54245605F
:10943000216805D2A06BBDE8F041091D00F0F8BF1E
:10944000606B091D00F0F4FFA06A854200D2A5629E
:10945000BDE8F08130000020800900202DE9F041B6
:10946000054601F099F82D4CA068401CA0602068CA
:109470002B4F10B1606930B32BE02560A068012844
:1094800027D1002606EB860007EB800000F0C2FF24
:10949000761C382EF6D3234800F0BCFF2148143048
:1094A00000F0B8FF1F48283000F0B4FF1D483C30E2
:1094B00000F0B0FF1B48503000F0ACFF194860636B
:1094C0001430A06305E02068E96AC06A884200D8C9
:1094D0002560606A401C60626864E86A21698842AD
:1094E00000D9206100EB800007EB8000291D00F00F
:1094F000B7FF01F071F8606900280CD02068E96AB4
:10950000C06A884207D208494FF080500860BFF314
:109510004F8FBFF36F8FBDE8F08100003000002057
:10952000D00400203009002004ED00E038B501F03F
:1095300033F8104C2068C8B90F4800F06BFF0E4894
:10954000143000F067FF0C48E060143020610A4BD3
:109550000020F03B009003F1500210210A2001F09E
:1095600020FC206010B105A101F0B8F8BDE838403A
:1095700001F032B86C000020840A0020546D725152
:109580000000000030B4026C0B46002A0BD0C1680A
:109590001144C1608468A14201D30168C16030BC3C
:1095A0001846F6F73DBF30BC70472DE9F041856B9A
:1095B000174604460026026C82B1C7B1E068F6F790
:1095C0002FFFE168206C091AE1602268914202D203
:1095D000A168081AE060022F16D017E02068A8B929
:1095E000A06802F061F806460020A0600EE0606806
:1095F000F6F716FF216C606808446060A168884235
:1096000004D32068606001E005B16D1E6D1CA56388
:109610003046BDE8F08110B5044690F8590058B1C5
:1096200001280CD002280FD0502080F31188BFF3FE
:109630004F8FBFF36F8FFEE7206B00F0E1FF2046F6
:10964000BDE8104000F0DCBF10BD000010484FF432
:109650008041420706D0C01D0D4920F00700411A85
:10966000C1F580410B4A00230144C2E900030839D7
:10967000183A21F0070111604B600B600B1AC0E92A
:10968000001393604FF0004053605061704700003A
:10969000641100209C000020144E154CA6F29C473B
:1096A0004FF08058DFF84C9012E000BF00F074FFDC
:1096B000F068C568281D00F081FEA068401EA0600B
:1096C0006068401E606000F087FF2846FFF7A3FF38
:1096D00060680028EAD138680128F9D9C9F8008003
:1096E000BFF34F8FBFF36F8FF2E700006C090020CC
:1096F0003000002004ED00E0002807D00021816048
:1097000001600B460A46C16001F0C2BB7047000011
:1097100070B51D46049C51B1C4F80020C4E90F0186
:109720000121204601F070FB84F84C5070BD24608C
:10973000F4E700002DE9F05F8846DDE90B9415465B
:10974000834691009A460A9EA522206BF6F77AFE80
:109750006FF00301206B01EB8501084420F007073F
:10976000780707D0502080F31188BFF34F8FBFF3E5
:109770006F8FFEE70025B8F1000F0FD05FF00000FB
:10978000221818F8001082F8341018F8001011B1DF
:10979000401C1028F4D384F8435001E084F834507E
:1097A000382E00D33726E662C4E91365201D00F089
:1097B0003CFE04F1180000F038FE2461C6F13800C8
:1097C0006462A061656584F858505246594638462F
:1097D00000F0EEFA2060B9F1000F01D0C9F80040A6
:1097E000BDE8F09F30B5114900E011460A68824299
:1097F000FBD34B685C18844203D14068184448602E
:10980000084643681C18944209D1084C183C246847
:10981000A24209D052681A4442600A681268026083
:10982000814200D0086030BD0460F9E79C00002050
:1098300070B5002441600B4D0061914206D8D11AE9
:109840008269914206D2011D286907E09A4203D23B
:10985000994201D3012403E0011DE86800F0E8FD0E
:10986000204670BD6C00002010B5044600F094FE48
:10987000A06B28B15FF0000400F0AEFE204610BDE2
:109880000124F9E730B589B03C4D6EE0049800281A
:1098900006DADDE90601059A90470498002864DBA2
:1098A000069C606910B1201D00F088FD03A800F03F
:1098B000D7F8024604980A2857D2DFE800F00505D9
:1098C000052D334A05052D3394F8280040F001009A
:1098D00084F828000599A069059B01442046FFF7FC
:1098E000A7FF68B3216A2046884794F828004007FC
:1098F0003BD5002000900598A16900234218194625
:10990000204602F017F8D8B9502080F31188BFF331
:109910004F8FBFF36F8FFEE714F8280F20F0010080
:10992000207022E094F8280040F0010084F828001C
:109930000598A06128B1811813462046FFF778FFEB
:1099400013E0502080F31188BFF34F8FBFF36F8F68
:10995000FEE794F82800810703D4204600F050FE6B
:1099600003E020F0010084F82800002204A9286800
:1099700001F0BCFB002889D109B030BD6C0000208B
:109980002DE9FC410F46054601F018F801A800F04A
:1099900067F80446019818B101F03AFFBDE8FC8170
:1099A000254EAFB130690068D0B30027291B3A4675
:1099B000306800F0A7FE01F02BFF0028EED11F4910
:1099C0004FF080500860BFF34F8FBFF36F8FE5E714
:1099D000A542EBD801F01CFFF0682746C068C468B8
:1099E000201D00F0EBFC94F82800410719D5A06970
:1099F0002B4641193A462046FFF71AFFA8B100202E
:109A00000346014600902A46204601F093FF60B9C4
:109A1000502080F31188BFF34F8FBFF36F8FFEE7A5
:109A200007E020F0010084F82800216A20468847DA
:109A3000B4E70127BAE700006C00002004ED00E065
:109A40000648416B096829B1416BC968C968496812
:109A5000816270474FF0FF31FAE7000030000020CC
:109A600070B5054601F0AEFD064E0446B06884426E
:109A700003D200F009F8012000E000202860204611
:109A8000B46070BD6C000020F8B5194D20E0C068CE
:109A9000C4680668201D00F091FC216A20468847B2
:109AA00094F82800400713D5A0693044B04206D985
:109AB00024616060211DE86800F0BAFC08E0002025
:109AC0000346014600903246204601F033FF38B18C
:109AD000E86801680029DAD12969C5E90310F8BDF1
:109AE000502080F31188BFF34F8FBFF36F8FFEE7D5
:109AF0006C00002008484068401C4FF0500080F384
:109B0000118804D0BFF34F8FBFF36F8FFEE7BFF311
:109B10004F8FBFF36F8FFEE7A4000020074CE06873
:109B2000016841B1C0680021D0F80000FFF728FFAC
:109B3000FFF7A8FEF3E701210020F7E76C00002003
:109B40002DE9F041044600F027FD94F9455004F159
:109B5000240609E0606A48B1304601F021FE08B1F0
:109B600000F066FE6D1E6DB2002DF3DC4FF0FF3687
:109B700084F8456000F030FD00F00EFD94F944508B
:109B800004F1100709E0206948B1384601F008FEE9
:109B900008B100F04DFE6D1E6DB2002DF3DC84F8AF
:109BA0004460BDE8F04100F017BD002804D0012852
:109BB00003D0072803D004207047022070470620F6
:109BC00070472DE9F04717460D460446022903D396
:109BD000D4F81402A84202D80220BDE8F08794F815
:109BE000001207F0FF084FF00109012920D00229D7
:109BF00050D00329F0D1D4F8200200EBD511204633
:109C0000FFF7E2F90028E8D140F2FF1101EA8501EF
:109C10000A194FF07043D2F8011003EA01213943C9
:109C200011700B0A53700B0C9370090ED17041E048
:109C3000D4F8200205EB550600EB56212046FFF72D
:109C4000C3F90028C9D1C6F30800761C2044E907EF
:109C500003D0017868F31F1100E03946017084F8E1
:109C60000492D4F8200200EB56212046FFF7ACF90D
:109C70000028B2D1C6F308012144EA0702D0C7F395
:109C8000071205E00A78C7F3032302F0F0021A4333
:109C90000A700FE0D4F8200200EB15212046FFF7F0
:109CA00093F9002899D1E9B204EB41013A0A81F80D
:109CB00000804A7084F804928FE700002DE9F0419B
:109CC0000546002700F07AFE324E306808B9FFF7EB
:109CD000BDFC706905424ED1C5B3083568070ED08A
:109CE00005F00700C0F108000544680707D05020C0
:109CF00080F31188BFF34F8FBFF36F8FFEE72DB353
:109D00007068854237D82348183001460C6801E056
:109D100020460C466168A94202D221680029F7D189
:109D200031688C4227D00768216801606068083775
:109D3000411B10290FD96019420708D0502080F329
:109D40001188BFF34F8FBFF36F8FFEE713E04160C1
:109D50006560FFF747FD61687068401A7060B2681F
:109D6000904200D2B060706901430020C4E9000154
:109D7000F068401CF06001F04BFD780707D05020E0
:109D800080F31188BFF34F8FBFF36F8FFEE7384624
:109D9000BDE8F081840000200449086818B1086813
:109DA000026D521C026508687047000030000020F8
:109DB00010B5031F4FF080741C601B1F21F00101C0
:109DC0001960191F024B0B60143940380A6010BD2E
:109DD000F59A01082DE9F0410F460646022917D3EE
:109DE000D6F81402B84213D9002523E0394630468C
:109DF000FEF720FF040021D0012C09D0601C09D0FF
:109E0000002239463046FFF7DCFE050016D103E09C
:109E1000022513E0012511E0D6F81002411C08D0FC
:109E2000401CC6F8100296F8050240F0010086F8C2
:109E300005022746D6F81402B842D7D82846BDE80E
:109E4000F08100002DE9F04D07460E46F6F7E2FFDF
:109E500004460D463A463346F6F7B9FCDFF86CA0E7
:109E6000DFF86CB01B4B0746884616F0004F4FF0EA
:109E700000020AD0F7F72AF80AD900225B463846D2
:109E80004146F6F78DFD1BD212E0F7F71FF808D216
:109E90000022534620462946F6F796FC04460D4616
:109EA0000EE000225B4638464146F6F779FD07D8BA
:109EB0000022534620462946F6F7E5FB04460D46A8
:109EC0003146204665F31E01BDE8F08D0000F03FED
:109ED0000000E03F0000E0BF38B50021082336A2B3
:109EE0000846FAF71BFBF7F72DFD0246082403236B
:109EF00000211E200094FAF7EBFA08232522002106
:109F00003020FAF719FAF7F723FD0246042300215F
:109F100036200094FAF7DCFA082329A200214E200B
:109F2000FAF7FCFA082327A219460020FAF7F6FAF6
:109F3000F9F733FD08B125A200E025A20823194650
:109F40002A20FAF7EBFA082322A210210020FAF7C0
:109F5000E5FAFAF797FE08B11CA200E01CA208235C
:109F600010212A20FAF7DAFA08231CA2182100206F
:109F7000FAF7D4FAFBF7FEFC30B1012807D002282B
:109F800014D0032809D114E0082316A201E0082305
:109F900016A218212A20FAF7C1FA01B00823BDE859
:109FA0003040382113A20020FAF7B8BA082312A2D1
:109FB000EFE7082312A2ECE746414E3A000000000A
:109FC00072706D004C494748543A00004F4E0000F3
:109FD0004F46460050554D503A0000005354414CF6
:109FE0004C3A00004E4F524D414C0000434845430F
:109FF0004B000000322F33004641554C54210000E5
:10A0000053455645524500002DE9FE430020F9F71F
:10A01000EFFF04460120F9F7EBFF07460220F9F7AE
:10A02000E7FF80460320F9F7E3FF8146002108237C
:10A0300033A20846FAF772FA2046F6F79EFC02268B
:10A04000082401250096CDE9015402460B46002163
:10A050000C20FAF781F90823432200211E20FAF789
:10A060006BF9082327A219460020FAF757FA384659
:10A07000F6F783FC0096CDE9015402460B46082111
:10A080000C20FAF769F90823252219461E20FAF751
:10A0900053F908231CA210210020FAF73FFA40468A
:10A0A000F6F73EFC0246042310210C200094FAF738
:10A0B0000FFA082315A210212420FAF72FFA0823FB
:10A0C00013A218210020FAF729FA4846F6F755FCA2
:10A0D0000096CDE9015402460B4618210C20FAF7F0
:10A0E0003BF90823252218211E20FAF725F903B091
:10A0F0000823BDE8F043382106A20020FAF70EBA83
:10A10000543A0000483A00004C3A00006C780000D5
:10A11000533A0000312F330008B50021082325A24F
:10A120000846FAF7FBF9FAF761FC012805D0022886
:10A130004FF0080304D021A203E0082321A200E08D
:10A1400022A200211E20FAF7E9F9082321A21946CC
:10A150000020FAF7E3F908200090204806230821A0
:10A1600042681E20FAF7B4F908231DA219464220BE
:10A17000FAF7D4F908231BA210210020FAF7CEF930
:10A18000FBF708FC08B119A200E01AA2082310216D
:10A190002A20FAF7C3F9082318A218210020FAF799
:10A1A000BDF901B00823382117A200205DF804EBA7
:10A1B000FAF7B4B94D4F44453A0000004155544FA9
:10A1C000000000004D414E55414C0000535442598F
:10A1D0000000000052554E3A000000001C01002013
:10A1E000730000004641554C543A00005354414C12
:10A1F0004C0000004E4F4E45000000005645523ABC
:10A2000056312E3000000000332F330081760A0AC9
:10A21000C2760A0C0275090E41757047084801782C
:10A2200000290BD10749D1F80018B1F1A53F05D09D
:10A230000121017004A10220FEF7E4BD7047000077
:10A2400000000020B8590020737461636B206F76A2
:10A250006572666C6F773A204D535020626F74744C
:10A260006F6D2063616E6172792064657374726FC3
:10A27000796564210000000070B5044600F057F8CD
:10A28000050052D194F80002032846D194F8050243
:10A29000012842D1420200212046FEF78EFE5520C1
:10A2A00084F8FE01AA2084F8FF015220207060701B
:10A2B0006120A0704121E170722284F8E42184F8C9
:10A2C000E52184F8E61184F8E701D4F8100284F857
:10A2D000E801010A84F8E911010C84F8EA11000E82
:10A2E00084F8EB01D4F80C0284F8EC01010A84F83C
:10A2F000ED11010C84F8EE11000E84F8EF01D4F892
:10A300001C220123521CC4F82C2294F8010221467D
:10A31000FDF786FB002084F80502002294F8010274
:10A320001146FDF755FB00B10125284670BD2DE90A
:10A33000F041044690F80402002728B3D4F82C52C8
:10A3400094F8010201232A462146FDF769FB08B172
:10A35000012719E0002084F80402D4F82002D4F880
:10A360001812281A88420FD294F803620AE0D4F82F
:10A3700018020123054494F801022A462146FDF7FC
:10A380004FFB761E022EF2D23846BDE8F081000067
:10A3900070B5094DFF231A4605F5807606E000BF2B
:10A3A00010F8014B54402A5D5A40335D491E89B272
:10A3B000F6D242EA032070BDBFBD0108D0E90132E8
:10A3C00001699A60D0E901235A604A68824201D14A
:10A3D00082684A60002202610868401E08600868BE
:10A3E00070470000034B036003F15C0008608020AD
:10A3F00010607047AC0A0020044B036003F15C005E
:10A4000008604FF48070106070470000080D002055
:10A4100072B6FEE700F108014FF0FF32C0E9011209
:10A42000C160016100210160704700210161704736
:10A4300030B50B685A1C02D000F1080202E0026934
:10A4400004E02246546825689D42FAD953684B605F
:10A4500099608A60516008610168491C016030BDE3
:10A4600042684A6093688B609368596091600861A4
:10A470000168491C0160704770B50E4C054649B132
:10A48000012211460C48F7F780FF2068C16841F0AF
:10A49000800103E02068C16821F08001C16020686C
:10A4A000C16815B141F0200101E021F02001C16037
:10A4B00070BD0000DC0300200010014038B51D4CC9
:10A4C00020680068C043800606D4684600F01EFB82
:10A4D00010B119480068804720680068C043000632
:10A4E0000DD416480068804748B92068C16821F03B
:10A4F0008001C1602068C16841F04001C1602068EE
:10A500000168C943490613D46FF040010160206817
:10A51000C16821F04001C16000210120FFF7ACFFBC
:10A52000002201210648F7F730FF032000F0CEFAA1
:10A5300038BD0000DC030020680100206C01002011
:10A54000001001400A480168CA6822F00102CA608E
:10A550000068016A41F21112114207D1016A92109A
:10A56000114203D1016821F0010101607047000030
:10A57000BC02002007480021026851620168CA68D5
:10A5800042F00102CA600068016841F00101016007
:10A5900070470000BC020020502080F31188BFF3F8
:10A5A0004F8FBFF36F8F0A494868401C48600128ED
:10A5B0000CD10848006810F0FF0F07D0502080F33E
:10A5C0001188BFF34F8FBFF36F8FFEE77047000016
:10A5D000A400002004ED00E00849486828B1401EAE
:10A5E000486001D180F311887047502080F31188B2
:10A5F000BFF34F8FBFF36F8FFEE70000A400002072
:10A6000070B500282AD0164DA0F108046068696969
:10A61000084207D1502080F31188BFF34F8FBFF35A
:10A620006F8FFEE722683AB1502080F31188BFF3A4
:10A630004F8FBFF36F8FFEE78843606000F0BEF975
:10A6400060686968084468602046FFF7CBF82869AD
:10A65000401C2861BDE8704001F0DAB870BD000010
:10A66000840000204FF0E020002101618161054954
:10A670004FF47A720968B1FBF2F1491E416107217A
:10A68000016170472C00002010B5F5F7A3FE1149B9
:10A6900010280ED300F1E02090F8F0030A789042E1
:10A6A00007D2502080F31188BFF34F8FBFF36F8F15
:10A6B000FEE709480068896800F4E060884207D92D
:10A6C000502080F31188BFF34F8FBFF36F8FFEE7E9
:10A6D00010BD0000A40000200CED00E010B5084BF8
:10A6E000002200BF53F832401CB1521C082AF9D393
:10A6F00010BD43F8321003EBC201486010BD0000EA
:10A700009004002070B515460E460446FFF744FF3E
:10A7100094F944100020491C01D184F8440094F9B4
:10A720004510491C01D184F84500FFF755FFA06B87
:10A7300028B92A46314604F1240000F097F8204653
:10A74000BDE87040FFF7FCB910B5020014D00F4807
:10A75000006B38B1502080F31188BFF34F8FBFF3E7
:10A760006F8FFEE700F02AF900211046FEF748FE41
:10A7700001F04EF8002807D105494FF080500860DD
:10A78000BFF34F8FBFF36F8F10BD0000300000206C
:10A7900004ED00E070B50D4604000BD095B11E4AE3
:10A7A000106BB8B1502080F31188BFF34F8FBFF307
:10A7B0006F8FFEE7502080F31188BFF34F8FBFF3F8
:10A7C0006F8FFEE7502080F31188BFF34F8FBFF3E8
:10A7D0006F8FFEE700F0F2F8D268236859199342B0
:10A7E00004D98B420AD9914202D807E08B42FAD9A8
:10A7F000881A21600021FEF703FE00E0216001F0CD
:10A8000007F8002807D105494FF080500860BFF3D2
:10A810004F8FBFF36F8F70BD3000002004ED00E05C
:10A8200002490A6A0260C96841607047300000202E
:10A8300001490120C86170473000002010B50C4666
:10A8400050B1094909681831FFF7F2FD2046BDE80B
:10A8500010400121FEF7D4BD502080F31188BFF3D2
:10A860004F8FBFF36F8FFEE73000002070B51446A6
:10A870000D4668B10A4909681831FFF7F1FD0CB1BE
:10A880004FF0FF3521462846BDE87040FEF7B8BDC1
:10A89000502080F31188BFF34F8FBFF36F8FFEE717
:10A8A0003000002070B504003ED0226DA2B1E06CF3
:10A8B000884200D30146E06A884235D0012A33D16C
:10A8C0001A4D2A6894420FD1502080F31188BFF3AB
:10A8D0004F8FBFF36F8FFEE7502080F31188BFF3D7
:10A8E0004F8FBFF36F8FFEE7E162A269002A02DBA0
:10A8F000C1F13801A1610E4E00EB8000616906EBE9
:10A900008000814210D1201DFFF758FDE06A2969BF
:10A91000884200D9286100EB800006EB8000211DF1
:10A92000BDE87040FFF79CBD70BD00003000002006
:10A93000D004002030B587B00024039405AA04A9F0
:10A9400003A80494FFF74EFDDDE903010094CDE96F
:10A950000110002315A11748059A00F0F4FD164DCB
:10A960000028E8621FD000F0B5FF012809D0401C84
:10A9700019D1502080F31188BFF34F8FBFF36F8F31
:10A98000FEE7502080F31188BFF34F8FBFF36F8F26
:10A990004FF0FF30A86201206861EC6007B0BDE8AD
:10A9A000304000F05BB907B030BD000049444C4571
:10A9B0000000000099960108300000200248016B59
:10A9C000491C0163704700003000002010B5204C86
:10A9D000206B10B10120E06110BD0020E061206813
:10A9E0004FF0A531006B02688A4208D142688A4262
:10A9F00005D182688A4202D1C068884204D02168A9
:10AA000020683431FFF704FD2069124901E0B8B134
:10AA1000401E00EB800251F82220002AF7D000EB04
:10AA2000800201EB820101F108034A6852684A6022
:10AA30009A4201D152684A60D1682160206110BDFC
:10AA4000502080F31188BFF34F8FBFF36F8FFEE765
:10AA500030000020D004002010B588B1D0F80012DA
:10AA600071B191F800225AB1B1F80622B0F804028F
:10AA7000824205D191F80102FCF7C6FFC00700D061
:10AA8000092010BD70B505460024FFF785FD094972
:10AA90008A7852B10878CB1C521E1B5C401C2B706C
:10AAA00000F0030008708A700124FFF795FD20462E
:10AAB00070BD0000000200200348002101704170B9
:10AAC00081700120704700000002002030B504466C
:10AAD00000205022EFF3118182F31188BFF34F8FD2
:10AAE000BFF36F8F084A9378042B09D25078D51C96
:10AAF0002C54401C00F0030050705B1C937001202C
:10AB000081F3118830BD000000020020024909686D
:10AB10004968017001207047DC0300200120704764
:10AB2000024909684860012070470000DC030020EA
:10AB300007494722088007490B689A62322250432E
:10AB40000A68D062C8600968002048620120704726
:10AB500008020020BC02002038B5174C00252078E0
:10AB600008B1AFF300806846FFF7D0FF607830B1DE
:10AB7000124A012807D0022810D0032801D1FFF77C
:10AB8000F9FC284638BD0020A0809DF80000A1886F
:10AB90000A44491CA180107002200BE0A088FF2805
:10ABA00007D89DF80010A0880244401CA0801170B6
:10ABB000E5E703206070E2E7F401002090600020E8
:10ABC00070B50E4D0024687870B102280BD00328B0
:10ABD0000DD0687858B16878022808D068780328C2
:10ABE00005D0AFF300800120FFF770FF0446FFF7A8
:10ABF000A9FC01206870204670BD0000F40100200F
:10AC000070B5154C00256078012801D0AFF30080A5
:10AC1000207810B101281CD104E000210120FFF7A9
:10AC20002BFC16E0608850B1A0680078FFF778FF31
:10AC3000A068401CA0606088401E608009E003207E
:10AC4000FFF744FF054600210120FFF715FC002017
:10AC50002070284670BD0000F40100201CB5264974
:10AC600008780190FF20087008788DF800009DF8A2
:10AC700000009DF8002000F0F000904207D0502026
:10AC800080F31188BFF34F8FBFF36F8FFEE79DF8FE
:10AC900000001A4C00F0500020700720A06005E072
:10ACA0009DF8002052008DF80020401E9DF80020E5
:10ACB0001206F5D4A060032807D0502080F3118835
:10ACC000BFF34F8FBFF36F8FFEE74FF44070A0606C
:10ACD000019808700A48016841F470010160016838
:10ACE00041F070410160FFF7BDFC00206060F5F7A6
:10ACF0003BFB00201CBD000000E400E0A40000209D
:10AD000020ED00E010B5502080F31188BFF34F8F85
:10AD1000BFF36F8F00F064FC18B104494FF080500E
:10AD20000860002080F3118810BD000004ED00E0F1
:10AD300010B502460021012000F012F80446FEF78B
:10AD4000DBFC204610BD38B50B46002200901146B2
:10AD5000012000F026F80446FEF7CEFC204638BD60
:10AD6000F8B517460E46050013D005FB06F0503027
:10AD7000FEF7A4FF04000AD0002084F8460004F186
:10AD800050023B46314628460094FEF7C1FC20465F
:10AD9000F8BD502080F31188BFF34F8FBFF36F8F42
:10ADA000FEE738B5049D18B153B1CAB181B120E0B6
:10ADB000502080F31188BFF34F8FBFF36F8FFEE7F2
:10ADC000502080F31188BFF34F8FBFF36F8FFEE7E2
:10ADD000502080F31188BFF34F8FBFF36F8FFEE7D2
:10ADE00039B1502080F31188BFF34F8FBFF36F8FBD
:10ADF000FEE750241C46012384F846302B4600947D
:10AE0000FEF786FC204638BD70B50D46040025D0FF
:10AE1000FFF7C2FBD4E90F20216802FB0011A160FB
:10AE20000021A163216861600A46D4E90F01401E38
:10AE300000FB0121E16021464FF0FF3001F8440F93
:10AE4000487004F110008DB1FFF7E4FA04F124001A
:10AE5000FFF7E0FAFFF7C0FB012070BD502080F340
:10AE60001188BFF34F8FBFF36F8FFEE72169002971
:10AE7000F0D000F095FC0028ECD004494FF0805051
:10AE80000860BFF34F8FBFF36F8FE3E704ED00E07F
:10AE90002DE9FF4782B01D468A464FF000080400A6
:10AEA00003D0BAF1000F08D011E0502080F31188D0
:10AEB000BFF34F8FBFF36F8FFEE7206C38B1502088
:10AEC00080F31188BFF34F8FBFF36F8FFEE7022D22
:10AED0000AD1E06B012807D0502080F31188BFF31E
:10AEE0004F8FBFF36F8FFEE700F05EFB3F4F4FF0D9
:10AEF00000094FF0805648B9049838B1502080F3CB
:10AF00001188BFF34F8FBFF36F8FFEE7FFF744FB4E
:10AF1000A06BE16B884207D3022D05D00498D0B115
:10AF2000B8F1000F1AD01EE02A4651462046FEF71F
:10AF30003CFB616A19B104F1240000F031FC20B13E
:10AF40003E60BFF34F8FBFF36F8FFFF745FB0120CC
:10AF500006B0BDE8F087FFF73FFB22E06846FFF749
:10AF60005FFC4FF00108FFF737FBFFF727FDFFF706
:10AF700013FB94F94400401C01D184F8449094F9E7
:10AF80004500401C01D184F84590FFF725FB04A93A
:10AF9000684600F071FA30B12046FEF7D1FD00F0AE
:10AFA00037FC0020D4E7FFF7F7FAA06BE16B88428B
:10AFB00013D1FFF711FB04F110000499FFF73EFCD9
:10AFC0002046FEF7BDFD00F023FC00289ED13E6028
:10AFD000BFF34F8FBFF36F8F98E7FFF7FDFA20465F
:10AFE000FEF7AEFD00F014FC90E7000004ED00E079
:10AFF0002DE9F0471F4690468946040003D0B9F179
:10B00000000F08D011E0502080F31188BFF34F8F5C
:10B01000BFF36F8FFEE7206C38B1502080F31188AA
:10B02000BFF34F8FBFF36F8FFEE7022F0AD1E06BA4
:10B03000012807D0502080F31188BFF34F8FBFF352
:10B040006F8FFEE7FFF720FB5020EFF3118680F3B0
:10B050001188BFF34F8FBFF36F8FA06BE16B8842F6
:10B0600006D3022F04D0002086F31188BDE8F087B4
:10B0700094F94550A06B3A4649462046FEF795FAAA
:10B08000681C04D06D1C84F845500120ECE7606A10
:10B090000028FAD004F1240000F082FB0028F4D04C
:10B0A000B8F1000FF1D00121C8F80010EDE710B59C
:10B0B000040009D000F072FAA168884214D1E06857
:10B0C000401EE06008D00DE0502080F31188BFF3EF
:10B0D0004F8FBFF36F8FFEE700231A4619462046B5
:10B0E000FFF7D6FE012010BD002010BD2DE9F74767
:10B0F000002683B08A46040003D0BAF1000F08D0BE
:10B1000011E0502080F31188BFF34F8FBFF36F8F92
:10B11000FEE7206C38B1502080F31188BFF34F8FC9
:10B12000BFF36F8FFEE700F03FFADFF8F4804FF0D7
:10B1300000094FF0805748B9059838B1502080F386
:10B140001188BFF34F8FBFF36F8FFEE7FFF724FA2D
:10B15000A56BC5B151462046FEF714FA6D1EA563D6
:10B16000206950B104F1100000F01AFB28B1C8F8B2
:10B170000070BFF34F8FBFF36F8FFFF72DFA0120E1
:10B1800006B0BDE8F087059808B11EB106E0FFF7EC
:10B1900023FA27E06846FFF743FB0126FFF71CFA76
:10B1A000FFF70CFCFFF7F8F994F94400401C01D1BB
:10B1B00084F8449094F94500401C01D184F84590EE
:10B1C000FFF70AFA05A9684600F056F9002820465C
:10B1D0000AD0FEF7B5FC00F01BFB2046FEF744FB4F
:10B1E0000028B3D00020CBE7FEF73EFB90B104F17E
:10B1F00024000599FFF722FB2046FEF7A1FC00F092
:10B2000007FB0028A2D1C8F80070BFF34F8FBFF32F
:10B210006F8F9BE72046FEF793FC00F0F9FA95E765
:10B2200004ED00E02DE9F04790468946040003D084
:10B23000B9F1000F08D011E0502080F31188BFF35E
:10B240004F8FBFF36F8FFEE7206C38B1502080F333
:10B250001188BFF34F8FBFF36F8FFEE7FFF714FA2C
:10B260005020EFF3118680F31188BFF34F8FBFF3A7
:10B270006F8FA76BF7B194F9445049462046FEF70B
:10B2800081F97F1EA763681C04D06D1C84F84450AC
:10B29000012010E020690028FAD004F1100000F02D
:10B2A0007FFA0028F4D0B8F1000FF1D00121C8F8DE
:10B2B0000010EDE7002086F31188BDE8F08700005C
:10B2C0002DE9F343002683B00400354609D0206CF5
:10B2D00078B1502080F31188BFF34F8FBFF36F8F89
:10B2E000FEE7502080F31188BFF34F8FBFF36F8FBD
:10B2F000FEE700F059F9DFF83C814FF000094FF00C
:10B30000805748B9049838B1502080F31188BFF3B2
:10B310004F8FBFF36F8FFEE7FFF73EF9A06BC8B109
:10B32000401EA063206810B9FEF736FDA0602069BA
:10B3300050B104F1100000F033FA28B1C8F80070E1
:10B34000BFF34F8FBFF36F8FFFF746F9012005B0B2
:10B35000BDE8F083049808B166B10FE03DB150201C
:10B3600080F31188BFF34F8FBFF36F8FFEE7FFF7B6
:10B3700033F95DE06846FFF753FA0126FFF72CF931
:10B38000FFF71CFBFFF708F994F94400401C01D1BA
:10B3900084F8449094F94500401C01D184F845900C
:10B3A000FFF71AF904A9684600F066F8002820465D
:10B3B00012D0FEF7C5FB00F02BFA2046FEF754FA38
:10B3C0000028A9D09DB3FFF7E7F8606A50B3206B5F
:10B3D0000068C0F1380126E0FEF746FAE0B12068C7
:10B3E00038B9FFF7D9F8A06800F09EF90546FFF7D5
:10B3F000F3F804F124000499FFF720FA2046FEF741
:10B400009FFB00F005FA002886D1C8F80070BFF352
:10B410004F8FBFF36F8F7FE72046FEF791FB00F061
:10B42000F7F979E70021A068FFF73CFA9FE7FFE70B
:10B4300000208CE704ED00E070B50D46040009D053
:10B4400000F0ACF8A16888420CD1E068401CE060D4
:10B45000012070BD502080F31188BFF34F8FBFF3E0
:10B460006F8FFEE729462046FFF72AFF0028F0D01D
:10B47000E168491CE16070BD2DE9F0410C46050012
:10B4800011D0C4B1FFF788F8174BDA686E682068EE
:10B49000911B471C17D02F681B6A9F4219D09642F8
:10B4A00017D8012410E0502080F31188BFF34F8F8C
:10B4B000BFF36F8FFEE7502080F31188BFF34F8FEB
:10B4C000BFF36F8FFEE70024FFF786F82046BDE844
:10B4D000F081884205D9401A20602846FFF7A0F97C
:10B4E000F1E700202060DCE7300000202DE9FF5F5D
:10B4F0008346DDE90E87994616468A469000FEF798
:10B50000DDFB05001CD05C20FEF7D8FB040014D046
:10B510000020256384F85900CDE90240CDE9008779
:10B520004B46324651465846FEF704F92046FDF791
:10B5300095FF012004B0BDE8F09F2846FFF760F8B2
:10B540004FF0FF30F6E7F0B585B0DDE90B640A9DFA
:10B55000A6B1DCB15C2700972663022684F8596007
:10B56000002604AFCDE90246CDE90057FEF7E2F828
:10B570002046FDF773FF049805B0F0BD502080F31E
:10B580001188BFF34F8FBFF36F8FFEE7502080F31A
:10B590001188BFF34F8FBFF36F8FFEE7014800683C
:10B5A00070470000300000200548416919B1006B68
:10B5B00018B100207047012070470220704700003A
:10B5C000300000200148C0687047000030000020B3
:10B5D00010B5FFF759F80148C06810BD30000020D1
:10B5E0002DE9F0412E4C0027206B28B1A069401CAA
:10B5F000A0613846BDE8F081E668761CE66013D1AC
:10B60000606B006838B1502080F31188BFF34F8F12
:10B61000BFF36F8FFEE7606BA16B6163A063206A6D
:10B62000401C2062FEF70CFAA06ADFF878808642A0
:10B6300009D3606B0068A0B1606BC068C5686868BA
:10B64000864211D2A0622068C06A00EB800158F8DF
:10B650002100012800D90127E0690028C9D001276D
:10B66000C7E74FF0FF30EDE7281DFEF7A7FEA86AF9
:10B6700018B105F11800FEF7A1FEE86A21698842B9
:10B6800000D9206100EB800108EB8100291DFEF745
:10B69000E7FEE86A2168C96A8842CAD30127C8E779
:10B6A00030000020D004002070B504004FF00001ED
:10B6B00033D01B4D2868844207D0502080F3118876
:10B6C000BFF34F8FBFF36F8FFEE7206D38B1401E81
:10B6D0002065E36CE26A9A421FD040B11DE0502021
:10B6E00080F31188BFF34F8FBFF36F8FFEE7201DEC
:10B6F000FEF764FEE06CE062C0F13800A061E06A31
:10B700002969884200D92861064900EB800001EBD5
:10B710008000211DFEF7A4FE0121084670BD000037
:10B7200030000020D004002070B504004FF000006D
:10B730002BD0194DE16A2A68D26A914226D2A069BB
:10B74000002804DB2868C06AC0F13800A061134EED
:10B7500001EB8101606906EB8101884211D1201D56
:10B76000FEF72CFE2868C06AE0622969884200D989
:10B77000286100EB800006EB8000211DFEF770FEC3
:10B7800002E02868C06AE062012070BDE16C2A68AE
:10B79000D26A9142F8D370BD30000020D00400205E
:10B7A00070B5C068C46854B104F118000646FEF7CD
:10B7B00005FE144D286B50B13146134815E050205A
:10B7C00080F31188BFF34F8FBFF36F8FFEE7201D0B
:10B7D000FEF7F4FDE06A2969884200D928610B4927
:10B7E00000EB800001EB8000211DFEF739FEE06ACE
:10B7F0002968C96A884202D90120E86170BD002029
:10B8000070BD00003000002058090020D004002046
:10B810002DE9F0472C4D00242746286B38B1FEF760
:10B82000BBFE286B401E2863286B40B146E05020C9
:10B8300080F31188BFF34F8FBFF36F8FFEE7A968C6
:10B84000224E0120D1B3A6F5916980463068E0B15F
:10B85000F068C46804F11800FEF7B0FD201DFEF783
:10B86000ADFDE06A2969884200D9286100EB8001BA
:10B8700009EB8100211DFEF7F3FDE06A2968C96A22
:10B880008842E3D3C5F81C80E0E70CB1FEF7D8F896
:10B89000AC694CB14FEA0806FFF7A2FE00B1EE61B9
:10B8A000641EF9D10020A861E86938B10849012770
:10B8B00038070860BFF34F8FBFF36F8FFEF78CFE22
:10B8C0003846BDE8F087000030000020580900200D
:10B8D00004ED00E010B586B0FDF728FE114C20689D
:10B8E000B8B100200390049005AA04A903A8FEF7AC
:10B8F00083FDDDE9032102208DE8070000230AA172
:10B900000B48059AFFF71FFE606010B106B00120DA
:10B9100010BD502080F31188BFF34F8FBFF36F8F9E
:10B92000FEE700006C000020546D72205376630027
:10B930001D9B01082DE9FF411E46134602000A9D8A
:10B940004FF0000016D0144C2768002F0FD0CDE91F
:10B9500000130292062917DAFFF726FE02284FF09D
:10B9600000030FD0002269462068FFF791FA04B067
:10B97000BDE8F081502080F31188BFF34F8FBFF3F3
:10B980006F8FFEE72A46EEE70023324669463846C7
:10B99000FFF72EFBEBE700006C00002008C1010858
:10B9A0000000000000000000000000000000000097
:10B9B0000006000018000000000000000000000069
:10B9C0002CC1010800000000000000000000000081
:10B9D00000000000000300001B0000000000000049
:10B9E0000000000014C10108000000000000000079
:10B9F000000000000000000000040000240000001F
:10BA000000000000000000003CC101080000000030
:10BA10000000000000000000000000000004000022
:10BA200012000000000000000000000048C10108F2
:10BA3000000000000000000000000000F4C0010849
:10BA400000000000000000000000000000000000F6
:10BA500000040000180000000000000000000000CA
:10BA600024C10108000000000000000000000000E8
:10BA700000000000000400001800000000000000AA
:10BA80000000000000C101080000000000000000EC
:10BA9000000000000000000000080000110000008D
:10BAA0000000000000000000010202030405060778
:10BAB00008090A0B0C0D0E0F1010010202030405F9
:10BAC000060708090A0B0C0D0E0F101000000000ED
:10BAD000000000000102030406070809000000003E
:10BAE0000102030454C101085CC1010860C10108DE
:10BAF00058C1010874696D657374616D702C74654B
:10BB00006D702843292C68756D692825292C6C696E
:10BB1000676874286C78292C736F696C2825292C28
:10BB200072706D2C7461726765745F6475747928C6
:10BB300025292C6D6F64652C7374617475732C6585
:10BB400076656E740D0A00002D00000000000000F4
:10BB500000000000000000000000000000000000E5
:10BB60000000000000000000002F0000000007009F
:10BB7000070000147F147F1400242A7F2A12002358
:10BB80001308646200364955225000000007000087
:10BB900000001C224100000041221C000014083E4D
:10BBA00008140008083E0808000000A06000000813
:10BBB0000808080800006060000000201008040267
:10BBC000003E5149453E0000427F40000042615125
:10BBD0004946002141454B31001814127F100027BF
:10BBE00045454539003C4A49493000017109050382
:10BBF00000364949493600064949291E00003636B3
:10BC00000000000056360000000814224100001415
:10BC100014141414000041221408000201510906F2
:10BC2000003E4955592E007C1211127C007F494973
:10BC30004936003E41414122007F4141221C007FA4
:10BC400049494941007F09090901003E4149497AB2
:10BC5000007F0808087F0000417F4100002040412C
:10BC60003F01007F08142241007F40404040007F98
:10BC7000020C027F007F0408107F003E4141413EDC
:10BC8000007F09090906003E4151215E007F091924
:10BC900029460046494949310001017F0101003F21
:10BCA0004040403F001F2040201F003F4038403FA1
:10BCB0000063140814630007087008070061514905
:10BCC000454300007F4141000002040810200000AD
:10BCD00041417F0000040201020400404040404016
:10BCE000000001020400002054545478007F4844AE
:10BCF000443800384444442000384444487F0038E5
:10BD00005454541800087E0901020018A4A4A47C0D
:10BD1000007F080404780000447D400000408084D7
:10BD20007D00007F102844000000417F4000007C1F
:10BD300004180478007C080404780038444444382B
:10BD400000FC242424180018242418FC007C080477
:10BD5000040800485454542000043F444020003C50
:10BD60004040207C001C2040201C003C4030403CD7
:10BD7000004428102844001CA0A0A07C0044645467
:10BD80004C440000087F41000000007F00000000DC
:10BD9000417F08000008040810080000000000FFB0
:10BDA0000101013109090909897101010101FFFF3F
:10BDB0008080808080809681808080808080FF006D
:10BDC000C1814001C0804101C0804100C18140016A
:10BDD000C0804100C1814000C1814001C08041015B
:10BDE000C0804100C1814000C1814001C08041004C
:10BDF000C1814001C0804101C0804100C18140013A
:10BE0000C0804100C1814000C1814001C08041002B
:10BE1000C1814001C0804101C0804100C18140001A
:10BE2000C1814001C0804101C0804100C181400109
:10BE3000C0804100C1814000C1814001C0804101FA
:10BE4000C0804100C1814000C1814001C0804100EB
:10BE5000C1814001C0804101C0804100C1814000DA
:10BE6000C1814001C0804101C0804100C1814001C9
:10BE7000C0804100C1814000C1814001C0804100BB
:10BE8000C1814001C0804101C0804100C1814001A9
:10BE9000C0804100C1814000C1814001C08041019A
:10BEA000C0804100C1814000C1814001C08041008B
:10BEB000C1814001C0804101C0804100C18140007A
:10BEC000C0C101C30302C2C60607C705C5C404CC6E
:10BED0000C0DCD0FCFCE0E0ACACB0BC90908C8D89E
:10BEE0001819D91BDBDA1A1EDEDF1FDD1D1CDC145E
:10BEF000D4D515D71716D6D21213D311D1D010F02E
:10BF00003031F133F3F23236F6F737F53534F43CAD
:10BF1000FCFD3DFF3F3EFEFA3A3BFB39F9F838287D
:10BF2000E8E929EB2B2AEAEE2E2FEF2DEDEC2CE49D
:10BF30002425E527E7E62622E2E323E12120E0A00D
:10BF40006061A163A3A26266A6A767A56564A46CED
:10BF5000ACAD6DAF6F6EAEAA6A6BAB69A9A868781D
:10BF6000B8B979BB7B7ABABE7E7FBF7DBDBC7CB4DD
:10BF70007475B577B7B67672B2B373B17170B050ED
:10BF80009091519353529296565797559594549C2D
:10BF90005C5D9D5F9F9E5E5A9A9B5B9959589888FD
:10BFA0004849894B8B8A4A4E8E8F4F8D4D4C8C441D
:10BFB000848545874746868242438341818040008D
:10BFC000809A90B68EB78F80D2D3D4D8D7DE8E8F9A
:10BFD000909292E299E3EAEB59999A9D9C9D9E9FDB
:10BFE000B5D6E0E9A5A5A6A7A8A9AAABAC21AEAF96
:10BFF000B0B1B2B3B4B5B6B7B8B9BABBBCBDBEBFC9
:10C00000C0C1C2C3C4C5C7C7C8C9CACBCCCDCECFB7
:10C01000D0D1D2D3D4D5D6D7D8D9DADBDCDDDEDFA8
:10C02000E0E1E2E3E5E5E6E7E7E9EAEBEDEDEEEF97
:10C03000F0F1F2F3F4F5F6F7F8F9FAFBFCFDFEFF88
:10C0400000040002000180004000200010000800F1
:10C0500004000200000000800040002000100008E2
:10C060000040002000100008000400020040404092
:10C0700040404040404041414141414040404040BB
:10C080004040404040404040404040404005020267
:10C090000202020202020202020202020220202026
:10C0A0002020202020202002020202020202909082
:10C0B0009090909010101010101010101010101080
:10C0C00010101010101010100202020202028888D4
:10C0D00088888888080808080808080808080808E0
:10C0E00008080808080808080202020240000000C8
:10C0F0006DC0010864656275675F636D6400000070
:10C1000073645F6C6F67000064656661756C74547E
:10C1100061736B007461736B5F636F6E74726F6CCD
:10C12000000000006D6F6462757300007461736BD2
:10C130005F636F6C6C656374000000007461736B07
:10C140005F73686F770000004932435F6D757465F7
:10C150007800000044000000450000004900000095
:10C1600057000000636D64733A68656C70207465F5
:10C170006D702068756D69206C6967687420736FD5
:10C18000696C2066616E3C6E3E2072706D20707529
:10C190006D703C6F6E2F6F66663E206C69676874C9
:10C1A0003C6F6E2F6F66663E207374616C6C2073FB
:10C1B00074616C6C2D726573657420706167653C89
:10C1C0006E3E2070696420706964776174636820D2
:10C1D0006D6F64653C6E3E206F746120766572738E
:10C1E000696F6E0004C201080000002034020000E4
:10C1F000AE1301086CC201083402002084670000FD
:10C20000486401080120320182100379127A1AAAC7
:10C21000010140420224803B4523FA4450087A44FD
:10C22000010201010323344223F0411C7041021436
:10C2300009375C012732042D2D7B01087C36CF7A2B
:10C2400001081036177C0108061AE51829811A5DC5
:10C250001832051A8F10016612011E016301087958
:0CC26000041A55041A85041A2504011460
:0400000508010331BA
:00000001FF
